crop,target,task_type,count,with_images,gap_level
乌塌菜,weak_agronomy,general_qa,3,0,thin
乌塌菜,weak_agronomy,occurrence_condition,1,0,severe_gap
乌塌菜,菌核病,chemical_control,1,0,severe_gap
乌塌菜,菌核病,occurrence_condition,1,0,severe_gap
十字花科蔬菜,disease,chemical_control,1,1,severe_gap
十字花科蔬菜,disease,general_qa,1,0,severe_gap
十字花科蔬菜,disease,safety_correction,1,1,severe_gap
十字花科蔬菜,disease,symptom_diagnosis,1,1,severe_gap
十字花科蔬菜,pest,chemical_control,1,0,severe_gap
十字花科蔬菜,pest,safety_correction,1,0,severe_gap
十字花科蔬菜,pesticide_use,chemical_control,1,1,severe_gap
十字花科蔬菜,weak_agronomy,safety_correction,1,0,severe_gap
十字花科蔬菜,夜蛾类,chemical_control,1,1,severe_gap
十字花科蔬菜,夜蛾类,symptom_diagnosis,1,1,severe_gap
十字花科蔬菜,夜蛾类害虫,biological_control,1,0,severe_gap
十字花科蔬菜,夜蛾类害虫,chemical_control,1,0,severe_gap
十字花科蔬菜,夜蛾类害虫,safety_correction,1,0,severe_gap
十字花科蔬菜,大根病,agronomic_control,1,0,severe_gap
十字花科蔬菜,大根病,chemical_control,1,0,severe_gap
十字花科蔬菜,小菜蛾,agronomic_control,2,0,severe_gap
十字花科蔬菜,小菜蛾,biological_control,3,0,thin
十字花科蔬菜,小菜蛾,chemical_control,8,0,covered
十字花科蔬菜,小菜蛾,occurrence_condition,2,0,severe_gap
十字花科蔬菜,小菜蛾,safety_correction,5,0,thin
十字花科蔬菜,小菜蛾,symptom_diagnosis,4,0,thin
十字花科蔬菜,斑点病,agronomic_control,1,0,severe_gap
十字花科蔬菜,斑点病,chemical_control,1,0,severe_gap
十字花科蔬菜,斑点病,symptom_diagnosis,1,0,severe_gap
十字花科蔬菜,根结线虫,biological_control,1,0,severe_gap
十字花科蔬菜,根结线虫,safety_correction,1,0,severe_gap
十字花科蔬菜,根肿病,agronomic_control,7,3,thin
十字花科蔬菜,根肿病,biological_control,1,0,severe_gap
十字花科蔬菜,根肿病,chemical_control,9,4,covered
十字花科蔬菜,根肿病,occurrence_condition,2,2,severe_gap
十字花科蔬菜,根肿病,safety_correction,3,2,thin
十字花科蔬菜,根肿病,symptom_diagnosis,2,0,severe_gap
十字花科蔬菜,猝倒病,control_timing,1,0,severe_gap
十字花科蔬菜,猝倒病,symptom_diagnosis,1,0,severe_gap
十字花科蔬菜,病毒病,biological_control,1,0,severe_gap
十字花科蔬菜,病毒病,chemical_control,2,0,severe_gap
十字花科蔬菜,病毒病,safety_correction,1,0,severe_gap
十字花科蔬菜,白斑病,agronomic_control,1,0,severe_gap
十字花科蔬菜,白斑病,chemical_control,1,0,severe_gap
十字花科蔬菜,白斑病,symptom_diagnosis,1,0,severe_gap
十字花科蔬菜,白锈病,agronomic_control,1,0,severe_gap
十字花科蔬菜,白锈病,chemical_control,1,0,severe_gap
十字花科蔬菜,白锈病,symptom_diagnosis,1,0,severe_gap
十字花科蔬菜,粉虱,biological_control,1,0,severe_gap
十字花科蔬菜,粉虱,chemical_control,1,0,severe_gap
十字花科蔬菜,粉虱,safety_correction,1,0,severe_gap
十字花科蔬菜,菜螟,chemical_control,1,1,severe_gap
十字花科蔬菜,菜螟,occurrence_condition,1,1,severe_gap
十字花科蔬菜,菜螟,symptom_diagnosis,1,1,severe_gap
十字花科蔬菜,菜青虫,biological_control,1,0,severe_gap
十字花科蔬菜,菜青虫,chemical_control,5,2,thin
十字花科蔬菜,菜青虫,occurrence_condition,1,1,severe_gap
十字花科蔬菜,菜青虫,safety_correction,1,0,severe_gap
十字花科蔬菜,菜青虫,symptom_diagnosis,2,2,severe_gap
十字花科蔬菜,蚜虫,biological_control,1,0,severe_gap
十字花科蔬菜,蚜虫,chemical_control,2,1,severe_gap
十字花科蔬菜,蚜虫,control_timing,1,0,severe_gap
十字花科蔬菜,蚜虫,occurrence_condition,1,1,severe_gap
十字花科蔬菜,蚜虫,safety_correction,1,0,severe_gap
十字花科蔬菜,蚜虫,symptom_diagnosis,2,1,severe_gap
十字花科蔬菜,蟋蟀,biological_control,1,0,severe_gap
十字花科蔬菜,蟋蟀,chemical_control,1,0,severe_gap
十字花科蔬菜,蟋蟀,safety_correction,1,0,severe_gap
十字花科蔬菜,褐腐病,agronomic_control,1,0,severe_gap
十字花科蔬菜,褐腐病,chemical_control,1,0,severe_gap
十字花科蔬菜,褐腐病,symptom_diagnosis,1,0,severe_gap
十字花科蔬菜,软腐病,biological_control,1,0,severe_gap
十字花科蔬菜,软腐病,chemical_control,2,0,severe_gap
十字花科蔬菜,软腐病,safety_correction,1,0,severe_gap
十字花科蔬菜,霜霉病,agronomic_control,4,0,thin
十字花科蔬菜,霜霉病,biological_control,1,0,severe_gap
十字花科蔬菜,霜霉病,chemical_control,5,0,thin
十字花科蔬菜,霜霉病,control_timing,1,0,severe_gap
十字花科蔬菜,霜霉病,safety_correction,2,0,severe_gap
十字花科蔬菜,霜霉病,symptom_diagnosis,4,0,thin
十字花科蔬菜,黄曲条跳甲,biological_control,1,0,severe_gap
十字花科蔬菜,黄曲条跳甲,chemical_control,5,2,thin
十字花科蔬菜,黄曲条跳甲,control_timing,1,0,severe_gap
十字花科蔬菜,黄曲条跳甲,occurrence_condition,1,1,severe_gap
十字花科蔬菜,黄曲条跳甲,safety_correction,1,0,severe_gap
十字花科蔬菜,黄曲条跳甲,symptom_diagnosis,3,2,thin
十字花科蔬菜,黑斑病,agronomic_control,1,0,severe_gap
十字花科蔬菜,黑斑病,chemical_control,1,0,severe_gap
十字花科蔬菜,黑斑病,symptom_diagnosis,1,0,severe_gap
十字花科蔬菜,黑胫病,agronomic_control,1,0,severe_gap
十字花科蔬菜,黑胫病,chemical_control,1,0,severe_gap
十字花科蔬菜,黑胫病,symptom_diagnosis,1,0,severe_gap
大白菜,Tumv,general_qa,1,1,severe_gap
大白菜,disease,agronomic_control,4,1,thin
大白菜,disease,biological_control,14,2,covered
大白菜,disease,chemical_control,59,38,covered
大白菜,disease,general_qa,10,1,covered
大白菜,disease,occurrence_condition,9,6,covered
大白菜,disease,safety_correction,17,10,covered
大白菜,disease,symptom_diagnosis,28,25,covered
大白菜,mixed_pest_disease,chemical_control,2,1,severe_gap
大白菜,mixed_pest_disease,general_qa,1,0,severe_gap
大白菜,mixed_pest_disease,safety_correction,2,1,severe_gap
大白菜,mixed_pest_disease,symptom_diagnosis,1,1,severe_gap
大白菜,other,biological_control,2,0,severe_gap
大白菜,other,chemical_control,14,3,covered
大白菜,other,control_timing,9,3,covered
大白菜,other,general_qa,21,10,covered
大白菜,other,occurrence_condition,4,3,thin
大白菜,other,safety_correction,11,2,covered
大白菜,other,symptom_diagnosis,7,2,thin
大白菜,pest,agronomic_control,2,0,severe_gap
大白菜,pest,biological_control,1,0,severe_gap
大白菜,pest,chemical_control,22,12,covered
大白菜,pest,occurrence_condition,2,2,severe_gap
大白菜,pest,safety_correction,4,1,thin
大白菜,pest,symptom_diagnosis,4,3,thin
大白菜,pesticide_use,biological_control,5,0,thin
大白菜,pesticide_use,chemical_control,69,11,covered
大白菜,pesticide_use,control_timing,1,0,severe_gap
大白菜,pesticide_use,occurrence_condition,1,1,severe_gap
大白菜,pesticide_use,safety_correction,14,3,covered
大白菜,pesticide_use,symptom_diagnosis,2,2,severe_gap
大白菜,weak_agronomy,agronomic_control,80,37,covered
大白菜,weak_agronomy,biological_control,13,2,covered
大白菜,weak_agronomy,chemical_control,143,55,covered
大白菜,weak_agronomy,control_timing,45,14,covered
大白菜,weak_agronomy,general_qa,285,70,covered
大白菜,weak_agronomy,occurrence_condition,57,26,covered
大白菜,weak_agronomy,safety_correction,80,24,covered
大白菜,weak_agronomy,symptom_diagnosis,27,18,covered
大白菜,weed,chemical_control,57,1,covered
大白菜,weed,control_timing,3,0,thin
大白菜,weed,general_qa,6,0,thin
大白菜,weed,occurrence_condition,1,0,severe_gap
大白菜,weed,safety_correction,16,0,covered
大白菜,weed,symptom_diagnosis,1,0,severe_gap
大白菜,丝核菌叶片腐烂病,chemical_control,1,0,severe_gap
大白菜,刺儿菜,chemical_control,1,0,severe_gap
大白菜,刺吸性害虫,general_qa,1,0,severe_gap
大白菜,叶斑病,agronomic_control,3,2,thin
大白菜,叶斑病,biological_control,4,2,thin
大白菜,叶斑病,chemical_control,14,11,covered
大白菜,叶斑病,control_timing,1,1,severe_gap
大白菜,叶斑病,occurrence_condition,3,3,thin
大白菜,叶斑病,safety_correction,2,2,severe_gap
大白菜,叶斑病,symptom_diagnosis,6,6,thin
大白菜,叶枯病,occurrence_condition,1,1,severe_gap
大白菜,叶枯病,symptom_diagnosis,1,1,severe_gap
大白菜,叶腐病,biological_control,1,0,severe_gap
大白菜,叶腐病,chemical_control,3,1,thin
大白菜,叶腐病,occurrence_condition,1,1,severe_gap
大白菜,叶腐病,safety_correction,1,0,severe_gap
大白菜,叶腐病,symptom_diagnosis,1,0,severe_gap
大白菜,土传,agronomic_control,1,0,severe_gap
大白菜,土传,general_qa,1,0,severe_gap
大白菜,土传,occurrence_condition,1,1,severe_gap
大白菜,土传,symptom_diagnosis,1,1,severe_gap
大白菜,土蚕,occurrence_condition,1,0,severe_gap
大白菜,地下害虫,biological_control,1,0,severe_gap
大白菜,地下害虫,chemical_control,5,2,thin
大白菜,地下害虫,occurrence_condition,1,0,severe_gap
大白菜,地蛆,chemical_control,2,0,severe_gap
大白菜,多种,agronomic_control,1,1,severe_gap
大白菜,多种,biological_control,1,1,severe_gap
大白菜,多种,chemical_control,1,1,severe_gap
大白菜,夜蛾,chemical_control,2,0,severe_gap
大白菜,夜蛾,safety_correction,1,0,severe_gap
大白菜,夜蛾类,chemical_control,1,1,severe_gap
大白菜,大白菜,agronomic_control,1,0,severe_gap
大白菜,大白菜,chemical_control,1,0,severe_gap
大白菜,大白菜,symptom_diagnosis,1,0,severe_gap
大白菜,小猿叶甲,agronomic_control,1,1,severe_gap
大白菜,小猿叶甲,chemical_control,1,1,severe_gap
大白菜,小猿叶甲,safety_correction,1,1,severe_gap
大白菜,小猿叶甲,symptom_diagnosis,1,1,severe_gap
大白菜,小菜蛾,agronomic_control,1,0,severe_gap
大白菜,小菜蛾,biological_control,3,1,thin
大白菜,小菜蛾,chemical_control,21,5,covered
大白菜,小菜蛾,control_timing,1,0,severe_gap
大白菜,小菜蛾,general_qa,4,1,thin
大白菜,小菜蛾,occurrence_condition,2,0,severe_gap
大白菜,小菜蛾,safety_correction,8,1,covered
大白菜,小菜蛾,symptom_diagnosis,4,1,thin
大白菜,小虫,chemical_control,1,1,severe_gap
大白菜,小黑点病,chemical_control,1,1,severe_gap
大白菜,小黑点病,general_qa,2,0,severe_gap
大白菜,小黑点病,occurrence_condition,1,0,severe_gap
大白菜,小黑点病,symptom_diagnosis,2,1,severe_gap
大白菜,干心病,agronomic_control,1,0,severe_gap
大白菜,干心病,occurrence_condition,1,1,severe_gap
大白菜,干烧心,agronomic_control,14,1,covered
大白菜,干烧心,biological_control,3,1,thin
大白菜,干烧心,chemical_control,31,5,covered
大白菜,干烧心,control_timing,5,1,thin
大白菜,干烧心,general_qa,6,1,thin
大白菜,干烧心,occurrence_condition,17,4,covered
大白菜,干烧心,safety_correction,12,0,covered
大白菜,干烧心,symptom_diagnosis,15,6,covered
大白菜,干烧边,occurrence_condition,3,2,thin
大白菜,干烧边,symptom_diagnosis,2,2,severe_gap
大白菜,心叶被咬,occurrence_condition,1,1,severe_gap
大白菜,心腐型,chemical_control,1,0,severe_gap
大白菜,心腐病,chemical_control,1,1,severe_gap
大白菜,心腐病,occurrence_condition,1,1,severe_gap
大白菜,抽薹,occurrence_condition,1,0,severe_gap
大白菜,斑潜蝇,biological_control,1,1,severe_gap
大白菜,斑潜蝇,chemical_control,1,0,severe_gap
大白菜,斑潜蝇,occurrence_condition,1,1,severe_gap
大白菜,斑潜蝇,safety_correction,2,1,severe_gap
大白菜,斑点病,agronomic_control,1,0,severe_gap
大白菜,斑点病,chemical_control,3,2,thin
大白菜,斑点病,control_timing,1,0,severe_gap
大白菜,斑点病,symptom_diagnosis,1,1,severe_gap
大白菜,斜纹夜蛾,agronomic_control,1,1,severe_gap
大白菜,斜纹夜蛾,chemical_control,4,1,thin
大白菜,斜纹夜蛾,control_timing,1,1,severe_gap
大白菜,斜纹夜蛾,safety_correction,1,1,severe_gap
大白菜,斜纹夜蛾,symptom_diagnosis,2,1,severe_gap
大白菜,杂草,chemical_control,1,1,severe_gap
大白菜,杂草,general_qa,1,0,severe_gap
大白菜,枯萎病,chemical_control,1,1,severe_gap
大白菜,根瘤病,agronomic_control,2,1,severe_gap
大白菜,根瘤病,chemical_control,2,1,severe_gap
大白菜,根瘤病,occurrence_condition,1,1,severe_gap
大白菜,根癌病,chemical_control,1,0,severe_gap
大白菜,根癌病,occurrence_condition,1,0,severe_gap
大白菜,根癌病,safety_correction,1,0,severe_gap
大白菜,根线病,chemical_control,1,0,severe_gap
大白菜,根结线虫,agronomic_control,1,0,severe_gap
大白菜,根结线虫,biological_control,1,0,severe_gap
大白菜,根结线虫,chemical_control,2,1,severe_gap
大白菜,根结线虫,general_qa,3,2,thin
大白菜,根结线虫病,agronomic_control,1,0,severe_gap
大白菜,根结线虫病,biological_control,1,0,severe_gap
大白菜,根结线虫病,chemical_control,2,0,severe_gap
大白菜,根结线虫病,symptom_diagnosis,2,0,severe_gap
大白菜,根肿病,agronomic_control,19,6,covered
大白菜,根肿病,biological_control,2,0,severe_gap
大白菜,根肿病,chemical_control,37,9,covered
大白菜,根肿病,control_timing,1,1,severe_gap
大白菜,根肿病,general_qa,3,0,thin
大白菜,根肿病,occurrence_condition,1,0,severe_gap
大白菜,根肿病,safety_correction,4,3,thin
大白菜,根肿病,symptom_diagnosis,8,3,covered
大白菜,根腐病,agronomic_control,5,1,thin
大白菜,根腐病,biological_control,10,1,covered
大白菜,根腐病,chemical_control,25,8,covered
大白菜,根腐病,occurrence_condition,3,2,thin
大白菜,根腐病,safety_correction,5,1,thin
大白菜,根腐病,symptom_diagnosis,2,2,severe_gap
大白菜,根霉菌侵染,chemical_control,1,1,severe_gap
大白菜,根霉菌侵染,symptom_diagnosis,1,1,severe_gap
大白菜,棉铃虫,chemical_control,1,0,severe_gap
大白菜,棉铃虫,symptom_diagnosis,2,1,severe_gap
大白菜,横纹斑须蝽,agronomic_control,1,1,severe_gap
大白菜,横纹斑须蝽,chemical_control,1,1,severe_gap
大白菜,横纹斑须蝽,symptom_diagnosis,1,1,severe_gap
大白菜,毛尾地种蝇,agronomic_control,1,1,severe_gap
大白菜,毛尾地种蝇,chemical_control,1,1,severe_gap
大白菜,毛尾地种蝇,control_timing,1,1,severe_gap
大白菜,毛尾地种蝇,symptom_diagnosis,2,2,severe_gap
大白菜,毛毛虫,chemical_control,1,0,severe_gap
大白菜,毛毛虫,safety_correction,1,0,severe_gap
大白菜,沤根,chemical_control,1,1,severe_gap
大白菜,灰地种蝇,chemical_control,1,1,severe_gap
大白菜,灰地种蝇,symptom_diagnosis,1,1,severe_gap
大白菜,灰霉病,biological_control,2,0,severe_gap
大白菜,灰霉病,chemical_control,7,1,thin
大白菜,灰霉病,safety_correction,2,0,severe_gap
大白菜,灰霉病,symptom_diagnosis,2,1,severe_gap
大白菜,炭疽病,agronomic_control,10,4,covered
大白菜,炭疽病,biological_control,2,1,severe_gap
大白菜,炭疽病,chemical_control,23,12,covered
大白菜,炭疽病,control_timing,4,1,thin
大白菜,炭疽病,general_qa,1,0,severe_gap
大白菜,炭疽病,occurrence_condition,5,4,thin
大白菜,炭疽病,safety_correction,3,3,thin
大白菜,炭疽病,symptom_diagnosis,11,9,covered
大白菜,点灰灯蛾,chemical_control,1,1,severe_gap
大白菜,烂心,general_qa,1,0,severe_gap
大白菜,烂根,chemical_control,1,0,severe_gap
大白菜,烂根,control_timing,1,0,severe_gap
大白菜,烂根,occurrence_condition,1,0,severe_gap
大白菜,烂根病,chemical_control,2,0,severe_gap
大白菜,烧心,chemical_control,1,0,severe_gap
大白菜,烧心,general_qa,2,0,severe_gap
大白菜,烧心,occurrence_condition,1,0,severe_gap
大白菜,烧心,symptom_diagnosis,1,0,severe_gap
大白菜,烧边病,occurrence_condition,1,0,severe_gap
大白菜,猝倒病,agronomic_control,1,1,severe_gap
大白菜,猝倒病,biological_control,1,1,severe_gap
大白菜,猝倒病,chemical_control,7,3,thin
大白菜,猝倒病,control_timing,1,0,severe_gap
大白菜,猝倒病,occurrence_condition,1,0,severe_gap
大白菜,猝倒病,symptom_diagnosis,5,4,thin
大白菜,甘蓝夜蛾,chemical_control,1,1,severe_gap
大白菜,甜菜夜蛾,agronomic_control,2,2,severe_gap
大白菜,甜菜夜蛾,biological_control,2,1,severe_gap
大白菜,甜菜夜蛾,chemical_control,8,3,covered
大白菜,甜菜夜蛾,control_timing,1,1,severe_gap
大白菜,甜菜夜蛾,safety_correction,1,0,severe_gap
大白菜,甜菜夜蛾,symptom_diagnosis,4,2,thin
大白菜,生理,occurrence_condition,1,1,severe_gap
大白菜,生理,symptom_diagnosis,1,1,severe_gap
大白菜,生理性,biological_control,1,0,severe_gap
大白菜,生理性,chemical_control,1,0,severe_gap
大白菜,生理性,symptom_diagnosis,1,1,severe_gap
大白菜,生理性急性萎蔫,agronomic_control,1,1,severe_gap
大白菜,生理性急性萎蔫,biological_control,1,1,severe_gap
大白菜,生理性急性萎蔫,chemical_control,1,1,severe_gap
大白菜,生理性急性萎蔫,occurrence_condition,1,1,severe_gap
大白菜,生理性急性萎蔫,symptom_diagnosis,1,1,severe_gap
大白菜,生理性沤根,chemical_control,1,1,severe_gap
大白菜,疫病,chemical_control,2,1,severe_gap
大白菜,疫病,occurrence_condition,1,1,severe_gap
大白菜,疫病,safety_correction,1,0,severe_gap
大白菜,疫病,symptom_diagnosis,3,2,thin
大白菜,病毒病,agronomic_control,8,3,covered
大白菜,病毒病,biological_control,3,1,thin
大白菜,病毒病,chemical_control,46,23,covered
大白菜,病毒病,control_timing,4,2,thin
大白菜,病毒病,general_qa,12,6,covered
大白菜,病毒病,occurrence_condition,8,6,covered
大白菜,病毒病,safety_correction,7,3,thin
大白菜,病毒病,symptom_diagnosis,27,15,covered
大白菜,白斑病,agronomic_control,11,5,covered
大白菜,白斑病,biological_control,5,2,thin
大白菜,白斑病,chemical_control,29,18,covered
大白菜,白斑病,occurrence_condition,5,1,thin
大白菜,白斑病,safety_correction,7,3,thin
大白菜,白斑病,symptom_diagnosis,17,12,covered
大白菜,白点病,biological_control,1,1,severe_gap
大白菜,白点病,chemical_control,1,1,severe_gap
大白菜,白粉病,biological_control,1,0,severe_gap
大白菜,白粉病,chemical_control,4,0,thin
大白菜,白绢病,chemical_control,1,1,severe_gap
大白菜,白绢病,symptom_diagnosis,1,1,severe_gap
大白菜,白锈病,agronomic_control,1,0,severe_gap
大白菜,白锈病,biological_control,1,1,severe_gap
大白菜,白锈病,chemical_control,11,6,covered
大白菜,白锈病,safety_correction,2,1,severe_gap
大白菜,白锈病,symptom_diagnosis,1,0,severe_gap
大白菜,真菌性,chemical_control,1,0,severe_gap
大白菜,短额负蝗,biological_control,1,1,severe_gap
大白菜,短额负蝗,chemical_control,1,1,severe_gap
大白菜,短额负蝗,control_timing,1,1,severe_gap
大白菜,短额负蝗,symptom_diagnosis,1,1,severe_gap
大白菜,硝酸盐中毒,control_timing,1,0,severe_gap
大白菜,硝酸盐中毒,symptom_diagnosis,1,0,severe_gap
大白菜,碎倒病,agronomic_control,1,0,severe_gap
大白菜,碎倒病,biological_control,1,0,severe_gap
大白菜,碎倒病,chemical_control,1,0,severe_gap
大白菜,碎倒病,safety_correction,1,0,severe_gap
大白菜,立枯病,chemical_control,2,1,severe_gap
大白菜,立枯病,occurrence_condition,1,0,severe_gap
大白菜,立枯病,symptom_diagnosis,1,1,severe_gap
大白菜,箱霉病,general_qa,1,1,severe_gap
大白菜,粉虱,chemical_control,7,1,thin
大白菜,粉虱,occurrence_condition,1,1,severe_gap
大白菜,粉虱,safety_correction,2,0,severe_gap
大白菜,粉虱,symptom_diagnosis,2,1,severe_gap
大白菜,细菌性,chemical_control,7,7,thin
大白菜,细菌性,general_qa,1,1,severe_gap
大白菜,细菌性,occurrence_condition,1,1,severe_gap
大白菜,细菌性,safety_correction,6,5,thin
大白菜,细菌性,symptom_diagnosis,2,2,severe_gap
大白菜,细菌性叶枯病,chemical_control,1,1,severe_gap
大白菜,细菌性叶枯病,symptom_diagnosis,1,1,severe_gap
大白菜,细菌性斑点病,chemical_control,1,0,severe_gap
大白菜,细菌性褐斑病,agronomic_control,1,1,severe_gap
大白菜,细菌性褐斑病,chemical_control,1,1,severe_gap
大白菜,细菌性褐斑病,occurrence_condition,1,1,severe_gap
大白菜,细菌性褐斑病,symptom_diagnosis,1,1,severe_gap
大白菜,缺硼症,chemical_control,4,3,thin
大白菜,缺硼症,general_qa,2,2,severe_gap
大白菜,缺硼症,occurrence_condition,2,1,severe_gap
大白菜,缺硼症,safety_correction,4,2,thin
大白菜,缺硼症,symptom_diagnosis,6,4,thin
大白菜,缺素症,chemical_control,2,0,severe_gap
大白菜,缺素症,general_qa,2,2,severe_gap
大白菜,缺素症,symptom_diagnosis,1,0,severe_gap
大白菜,缺钙,agronomic_control,1,0,severe_gap
大白菜,缺钙,biological_control,1,0,severe_gap
大白菜,缺钙,chemical_control,3,0,thin
大白菜,缺钙,occurrence_condition,2,1,severe_gap
大白菜,缺钙,symptom_diagnosis,3,1,thin
大白菜,缺钙生理,chemical_control,1,0,severe_gap
大白菜,缺钙生理,safety_correction,1,0,severe_gap
大白菜,缺钙生理性,biological_control,2,2,severe_gap
大白菜,缺钙生理性,chemical_control,2,2,severe_gap
大白菜,缺钙生理性,symptom_diagnosis,2,2,severe_gap
大白菜,缺钾症,chemical_control,1,1,severe_gap
大白菜,缺钾症,safety_correction,1,1,severe_gap
大白菜,缺锰,chemical_control,1,1,severe_gap
大白菜,缺锰,symptom_diagnosis,1,1,severe_gap
大白菜,胃灼烧,chemical_control,1,0,severe_gap
大白菜,腐烂病,biological_control,3,2,thin
大白菜,腐烂病,chemical_control,6,3,thin
大白菜,腐烂病,occurrence_condition,2,1,severe_gap
大白菜,腐烂病,symptom_diagnosis,2,1,severe_gap
大白菜,臭烂,general_qa,1,0,severe_gap
大白菜,芝麻病,general_qa,1,0,severe_gap
大白菜,茎腐病,general_qa,1,1,severe_gap
大白菜,药害,chemical_control,1,0,severe_gap
大白菜,药害,occurrence_condition,1,0,severe_gap
大白菜,药害,safety_correction,1,0,severe_gap
大白菜,菌核病,agronomic_control,2,0,severe_gap
大白菜,菌核病,chemical_control,11,3,covered
大白菜,菌核病,general_qa,2,2,severe_gap
大白菜,菌核病,occurrence_condition,1,0,severe_gap
大白菜,菌核病,safety_correction,2,0,severe_gap
大白菜,菌核病,symptom_diagnosis,2,1,severe_gap
大白菜,菜叶蜂,agronomic_control,1,1,severe_gap
大白菜,菜叶蜂,chemical_control,1,1,severe_gap
大白菜,菜叶蜂,control_timing,1,1,severe_gap
大白菜,菜叶蜂,symptom_diagnosis,1,1,severe_gap
大白菜,菜潜蝇,chemical_control,1,1,severe_gap
大白菜,菜蝽,chemical_control,1,1,severe_gap
大白菜,菜蝽,control_timing,1,1,severe_gap
大白菜,菜蝽,symptom_diagnosis,1,1,severe_gap
大白菜,菜螟,chemical_control,4,0,thin
大白菜,菜螟,general_qa,1,0,severe_gap
大白菜,菜螟,symptom_diagnosis,1,0,severe_gap
大白菜,菜青虫,agronomic_control,4,2,thin
大白菜,菜青虫,biological_control,4,2,thin
大白菜,菜青虫,chemical_control,41,9,covered
大白菜,菜青虫,control_timing,2,0,severe_gap
大白菜,菜青虫,general_qa,6,1,thin
大白菜,菜青虫,occurrence_condition,4,1,thin
大白菜,菜青虫,safety_correction,10,2,covered
大白菜,菜青虫,symptom_diagnosis,9,3,covered
大白菜,萎蔫病,agronomic_control,1,0,severe_gap
大白菜,萎蔫病,chemical_control,1,0,severe_gap
大白菜,蓟马,chemical_control,1,0,severe_gap
大白菜,蓟马,safety_correction,1,0,severe_gap
大白菜,蔬菜蝗虫,chemical_control,1,0,severe_gap
大白菜,虫瘿,symptom_diagnosis,1,1,severe_gap
大白菜,蚜,agronomic_control,1,1,severe_gap
大白菜,蚜,biological_control,1,1,severe_gap
大白菜,蚜,chemical_control,1,1,severe_gap
大白菜,蚜,symptom_diagnosis,1,1,severe_gap
大白菜,蚜虫,agronomic_control,4,2,thin
大白菜,蚜虫,biological_control,2,1,severe_gap
大白菜,蚜虫,chemical_control,33,6,covered
大白菜,蚜虫,control_timing,4,1,thin
大白菜,蚜虫,general_qa,5,1,thin
大白菜,蚜虫,occurrence_condition,5,1,thin
大白菜,蚜虫,safety_correction,14,2,covered
大白菜,蚜虫,symptom_diagnosis,7,0,thin
大白菜,蛐蛐,chemical_control,2,1,severe_gap
大白菜,蛞蝓,agronomic_control,1,1,severe_gap
大白菜,蛞蝓,chemical_control,2,1,severe_gap
大白菜,蛞蝓,control_timing,1,1,severe_gap
大白菜,蛞蝓,symptom_diagnosis,1,1,severe_gap
大白菜,蜗牛,chemical_control,1,1,severe_gap
大白菜,蜗牛,symptom_diagnosis,1,1,severe_gap
大白菜,蝗虫,chemical_control,1,0,severe_gap
大白菜,蝗虫,safety_correction,1,0,severe_gap
大白菜,蟋蟀,chemical_control,2,1,severe_gap
大白菜,蟋蟀,general_qa,1,0,severe_gap
大白菜,裂球,occurrence_condition,1,0,severe_gap
大白菜,裂球,safety_correction,1,0,severe_gap
大白菜,褐斑病,agronomic_control,5,3,thin
大白菜,褐斑病,biological_control,2,1,severe_gap
大白菜,褐斑病,chemical_control,13,11,covered
大白菜,褐斑病,occurrence_condition,3,3,thin
大白菜,褐斑病,safety_correction,3,2,thin
大白菜,褐斑病,symptom_diagnosis,9,9,covered
大白菜,褐腐病,agronomic_control,2,1,severe_gap
大白菜,褐腐病,chemical_control,7,4,thin
大白菜,褐腐病,general_qa,1,1,severe_gap
大白菜,褐腐病,occurrence_condition,2,1,severe_gap
大白菜,褐腐病,symptom_diagnosis,4,4,thin
大白菜,角斑病,agronomic_control,6,2,thin
大白菜,角斑病,biological_control,2,2,severe_gap
大白菜,角斑病,chemical_control,15,7,covered
大白菜,角斑病,control_timing,1,0,severe_gap
大白菜,角斑病,general_qa,2,0,severe_gap
大白菜,角斑病,occurrence_condition,1,1,severe_gap
大白菜,角斑病,safety_correction,2,0,severe_gap
大白菜,角斑病,symptom_diagnosis,9,8,covered
大白菜,跳蚤虫,chemical_control,1,0,severe_gap
大白菜,跳蚤虫,safety_correction,1,0,severe_gap
大白菜,软腐病,agronomic_control,30,8,covered
大白菜,软腐病,biological_control,23,9,covered
大白菜,软腐病,chemical_control,142,44,covered
大白菜,软腐病,control_timing,10,3,covered
大白菜,软腐病,general_qa,14,5,covered
大白菜,软腐病,occurrence_condition,20,10,covered
大白菜,软腐病,safety_correction,31,8,covered
大白菜,软腐病,symptom_diagnosis,41,24,covered
大白菜,野火病,chemical_control,1,0,severe_gap
大白菜,钻蛀性害虫,chemical_control,1,0,severe_gap
大白菜,钻蛀性害虫,general_qa,1,0,severe_gap
大白菜,钻蛀性害虫,safety_correction,1,0,severe_gap
大白菜,钾钙不足,general_qa,1,1,severe_gap
大白菜,银纹夜蛾,biological_control,1,0,severe_gap
大白菜,银纹夜蛾,chemical_control,2,0,severe_gap
大白菜,银纹夜蛾,control_timing,1,0,severe_gap
大白菜,银纹夜蛾,symptom_diagnosis,2,1,severe_gap
大白菜,锈病,biological_control,1,1,severe_gap
大白菜,锈病,chemical_control,1,1,severe_gap
大白菜,锈病,symptom_diagnosis,1,1,severe_gap
大白菜,除草剂药害,chemical_control,1,0,severe_gap
大白菜,除草剂药害,safety_correction,1,0,severe_gap
大白菜,霜霉病,agronomic_control,28,11,covered
大白菜,霜霉病,biological_control,15,7,covered
大白菜,霜霉病,chemical_control,102,47,covered
大白菜,霜霉病,control_timing,10,2,covered
大白菜,霜霉病,general_qa,7,4,thin
大白菜,霜霉病,occurrence_condition,11,6,covered
大白菜,霜霉病,safety_correction,21,6,covered
大白菜,霜霉病,symptom_diagnosis,45,31,covered
大白菜,青虫,chemical_control,2,1,severe_gap
大白菜,青虫,control_timing,1,1,severe_gap
大白菜,香附子,chemical_control,1,0,severe_gap
大白菜,香附子,safety_correction,1,0,severe_gap
大白菜,鳞翅目幼虫,safety_correction,1,1,severe_gap
大白菜,鳞翅目幼虫,symptom_diagnosis,1,1,severe_gap
大白菜,黄叶病,agronomic_control,3,0,thin
大白菜,黄叶病,biological_control,1,0,severe_gap
大白菜,黄叶病,chemical_control,6,2,thin
大白菜,黄叶病,control_timing,1,0,severe_gap
大白菜,黄叶病,occurrence_condition,2,2,severe_gap
大白菜,黄叶病,safety_correction,1,0,severe_gap
大白菜,黄叶病,symptom_diagnosis,6,3,thin
大白菜,黄曲条跳甲,agronomic_control,4,3,thin
大白菜,黄曲条跳甲,biological_control,1,0,severe_gap
大白菜,黄曲条跳甲,chemical_control,24,9,covered
大白菜,黄曲条跳甲,control_timing,4,2,thin
大白菜,黄曲条跳甲,general_qa,2,0,severe_gap
大白菜,黄曲条跳甲,occurrence_condition,3,2,thin
大白菜,黄曲条跳甲,safety_correction,8,3,covered
大白菜,黄曲条跳甲,symptom_diagnosis,10,6,covered
大白菜,黄萎病,agronomic_control,2,0,severe_gap
大白菜,黄萎病,chemical_control,3,1,thin
大白菜,黄萎病,symptom_diagnosis,1,1,severe_gap
大白菜,黑斑病,agronomic_control,20,6,covered
大白菜,黑斑病,biological_control,5,1,thin
大白菜,黑斑病,chemical_control,27,6,covered
大白菜,黑斑病,control_timing,5,0,thin
大白菜,黑斑病,general_qa,1,0,severe_gap
大白菜,黑斑病,occurrence_condition,8,5,covered
大白菜,黑斑病,safety_correction,3,0,thin
大白菜,黑斑病,symptom_diagnosis,8,5,covered
大白菜,黑胫病,agronomic_control,1,1,severe_gap
大白菜,黑胫病,chemical_control,3,2,thin
大白菜,黑胫病,occurrence_condition,1,1,severe_gap
大白菜,黑胫病,safety_correction,1,1,severe_gap
大白菜,黑胫病,symptom_diagnosis,2,2,severe_gap
大白菜,黑腐病,agronomic_control,14,6,covered
大白菜,黑腐病,biological_control,4,1,thin
大白菜,黑腐病,chemical_control,45,26,covered
大白菜,黑腐病,control_timing,4,1,thin
大白菜,黑腐病,general_qa,2,0,severe_gap
大白菜,黑腐病,occurrence_condition,8,4,covered
大白菜,黑腐病,safety_correction,7,3,thin
大白菜,黑腐病,symptom_diagnosis,24,20,covered
小白菜,disease,agronomic_control,3,3,thin
小白菜,disease,biological_control,3,1,thin
小白菜,disease,chemical_control,12,7,covered
小白菜,disease,general_qa,2,0,severe_gap
小白菜,disease,occurrence_condition,7,2,thin
小白菜,disease,safety_correction,3,3,thin
小白菜,disease,symptom_diagnosis,8,6,covered
小白菜,mixed_pest_disease,general_qa,1,0,severe_gap
小白菜,mixed_pest_disease,occurrence_condition,1,1,severe_gap
小白菜,mixed_pest_disease,symptom_diagnosis,1,1,severe_gap
小白菜,other,biological_control,1,1,severe_gap
小白菜,other,chemical_control,11,7,covered
小白菜,other,general_qa,4,0,thin
小白菜,other,occurrence_condition,5,4,thin
小白菜,other,safety_correction,1,0,severe_gap
小白菜,other,symptom_diagnosis,3,1,thin
小白菜,pest,biological_control,1,1,severe_gap
小白菜,pest,chemical_control,2,1,severe_gap
小白菜,pesticide_use,chemical_control,8,2,covered
小白菜,pesticide_use,occurrence_condition,1,1,severe_gap
小白菜,pesticide_use,safety_correction,3,2,thin
小白菜,pesticide_use,symptom_diagnosis,1,1,severe_gap
小白菜,weak_agronomy,agronomic_control,18,7,covered
小白菜,weak_agronomy,biological_control,1,0,severe_gap
小白菜,weak_agronomy,chemical_control,27,13,covered
小白菜,weak_agronomy,control_timing,3,0,thin
小白菜,weak_agronomy,general_qa,32,2,covered
小白菜,weak_agronomy,occurrence_condition,21,13,covered
小白菜,weak_agronomy,safety_correction,19,7,covered
小白菜,weak_agronomy,symptom_diagnosis,7,4,thin
小白菜,weed,chemical_control,7,1,thin
小白菜,weed,occurrence_condition,1,1,severe_gap
小白菜,weed,safety_correction,2,1,severe_gap
小白菜,丝核菌叶片腐烂病,agronomic_control,1,0,severe_gap
小白菜,丝核菌叶片腐烂病,chemical_control,1,0,severe_gap
小白菜,丝核菌叶片腐烂病,safety_correction,1,0,severe_gap
小白菜,低温冻害,occurrence_condition,1,1,severe_gap
小白菜,低温冻害,symptom_diagnosis,1,1,severe_gap
小白菜,叶斑病,agronomic_control,1,1,severe_gap
小白菜,叶斑病,biological_control,1,1,severe_gap
小白菜,叶斑病,chemical_control,4,4,thin
小白菜,叶斑病,occurrence_condition,2,2,severe_gap
小白菜,叶斑病,symptom_diagnosis,3,3,thin
小白菜,叶甲,chemical_control,1,1,severe_gap
小白菜,叶甲,symptom_diagnosis,1,1,severe_gap
小白菜,地下害虫,biological_control,1,0,severe_gap
小白菜,地下害虫,chemical_control,1,0,severe_gap
小白菜,地下害虫,safety_correction,1,0,severe_gap
小白菜,小菜蛾,biological_control,1,0,severe_gap
小白菜,小菜蛾,chemical_control,5,2,thin
小白菜,小菜蛾,occurrence_condition,1,1,severe_gap
小白菜,小菜蛾,safety_correction,4,2,thin
小白菜,小菜蛾,symptom_diagnosis,1,0,severe_gap
小白菜,干烧心,agronomic_control,1,1,severe_gap
小白菜,干烧心,safety_correction,1,1,severe_gap
小白菜,干烧心,symptom_diagnosis,1,1,severe_gap
小白菜,斑潜蝇,chemical_control,1,1,severe_gap
小白菜,斜纹夜蛾,agronomic_control,1,0,severe_gap
小白菜,斜纹夜蛾,chemical_control,1,0,severe_gap
小白菜,斜纹夜蛾,safety_correction,1,0,severe_gap
小白菜,杂草,general_qa,1,0,severe_gap
小白菜,根结线虫,chemical_control,1,1,severe_gap
小白菜,根结线虫病,chemical_control,1,1,severe_gap
小白菜,根肿病,agronomic_control,6,5,thin
小白菜,根肿病,chemical_control,8,7,covered
小白菜,根肿病,occurrence_condition,2,2,severe_gap
小白菜,根肿病,symptom_diagnosis,3,2,thin
小白菜,根腐病,biological_control,1,1,severe_gap
小白菜,根腐病,chemical_control,1,0,severe_gap
小白菜,沤根,agronomic_control,1,1,severe_gap
小白菜,沤根,chemical_control,1,1,severe_gap
小白菜,灰灰菜,chemical_control,2,0,severe_gap
小白菜,灰霉病,biological_control,2,2,severe_gap
小白菜,灰霉病,chemical_control,2,2,severe_gap
小白菜,灰霉病,symptom_diagnosis,2,2,severe_gap
小白菜,炭疽病,agronomic_control,2,0,severe_gap
小白菜,炭疽病,chemical_control,4,1,thin
小白菜,炭疽病,safety_correction,3,1,thin
小白菜,炭疽病,symptom_diagnosis,1,0,severe_gap
小白菜,猝倒病,chemical_control,1,1,severe_gap
小白菜,猝倒病,general_qa,1,0,severe_gap
小白菜,病毒病,agronomic_control,1,0,severe_gap
小白菜,病毒病,chemical_control,1,0,severe_gap
小白菜,病毒病,safety_correction,1,0,severe_gap
小白菜,白斑病,agronomic_control,1,1,severe_gap
小白菜,白斑病,chemical_control,7,6,thin
小白菜,白斑病,control_timing,1,1,severe_gap
小白菜,白斑病,occurrence_condition,2,2,severe_gap
小白菜,白斑病,symptom_diagnosis,2,2,severe_gap
小白菜,白锈病,chemical_control,3,3,thin
小白菜,白锈病,symptom_diagnosis,2,2,severe_gap
小白菜,立枯病,chemical_control,1,0,severe_gap
小白菜,立枯病,general_qa,1,0,severe_gap
小白菜,细菌性,agronomic_control,1,0,severe_gap
小白菜,细菌性,chemical_control,3,2,thin
小白菜,细菌性,safety_correction,3,2,thin
小白菜,细菌性,symptom_diagnosis,1,0,severe_gap
小白菜,缺钙症,general_qa,2,2,severe_gap
小白菜,苗期,chemical_control,1,0,severe_gap
小白菜,苗期,safety_correction,1,0,severe_gap
小白菜,菌核病,chemical_control,2,0,severe_gap
小白菜,菌核病,safety_correction,1,0,severe_gap
小白菜,菌核病,symptom_diagnosis,1,0,severe_gap
小白菜,菜青虫,agronomic_control,2,0,severe_gap
小白菜,菜青虫,biological_control,1,0,severe_gap
小白菜,菜青虫,chemical_control,4,1,thin
小白菜,菜青虫,safety_correction,4,1,thin
小白菜,菜青虫,symptom_diagnosis,1,0,severe_gap
小白菜,蓟马,agronomic_control,1,0,severe_gap
小白菜,蓟马,chemical_control,1,0,severe_gap
小白菜,蓟马,safety_correction,1,0,severe_gap
小白菜,蚜虫,agronomic_control,1,0,severe_gap
小白菜,蚜虫,chemical_control,5,2,thin
小白菜,蚜虫,general_qa,1,0,severe_gap
小白菜,蚜虫,occurrence_condition,2,2,severe_gap
小白菜,蚜虫,safety_correction,2,1,severe_gap
小白菜,蚜虫,symptom_diagnosis,1,1,severe_gap
小白菜,蛞蝓,chemical_control,1,1,severe_gap
小白菜,蛞蝓,safety_correction,1,1,severe_gap
小白菜,蛾类,chemical_control,1,0,severe_gap
小白菜,蜗牛,chemical_control,1,1,severe_gap
小白菜,蜗牛,safety_correction,1,1,severe_gap
小白菜,蝼蛄,chemical_control,1,0,severe_gap
小白菜,褐斑病,biological_control,1,1,severe_gap
小白菜,褐斑病,chemical_control,3,2,thin
小白菜,褐斑病,occurrence_condition,2,1,severe_gap
小白菜,褐腐病,agronomic_control,1,1,severe_gap
小白菜,褐腐病,biological_control,1,1,severe_gap
小白菜,褐腐病,chemical_control,1,1,severe_gap
小白菜,褐腐病,symptom_diagnosis,1,1,severe_gap
小白菜,角斑病,chemical_control,1,0,severe_gap
小白菜,角斑病,safety_correction,1,0,severe_gap
小白菜,软腐病,agronomic_control,3,0,thin
小白菜,软腐病,biological_control,3,2,thin
小白菜,软腐病,chemical_control,12,4,covered
小白菜,软腐病,occurrence_condition,1,0,severe_gap
小白菜,软腐病,safety_correction,4,1,thin
小白菜,软腐病,symptom_diagnosis,4,3,thin
小白菜,野苋菜,chemical_control,1,0,severe_gap
小白菜,霜霉病,agronomic_control,2,0,severe_gap
小白菜,霜霉病,biological_control,3,2,thin
小白菜,霜霉病,chemical_control,8,6,covered
小白菜,霜霉病,control_timing,1,1,severe_gap
小白菜,霜霉病,occurrence_condition,1,1,severe_gap
小白菜,霜霉病,safety_correction,3,2,thin
小白菜,霜霉病,symptom_diagnosis,3,3,thin
小白菜,青虫,chemical_control,1,1,severe_gap
小白菜,青虫,general_qa,1,0,severe_gap
小白菜,青虫,safety_correction,1,1,severe_gap
小白菜,鸟害,chemical_control,1,1,severe_gap
小白菜,鸟害,symptom_diagnosis,1,1,severe_gap
小白菜,鹅儿草,general_qa,1,0,severe_gap
小白菜,麻雀,chemical_control,1,1,severe_gap
小白菜,麻雀,symptom_diagnosis,1,1,severe_gap
小白菜,黄叶病,biological_control,1,1,severe_gap
小白菜,黄叶病,chemical_control,1,1,severe_gap
小白菜,黄叶病,symptom_diagnosis,1,1,severe_gap
小白菜,黄曲条跳甲,agronomic_control,2,0,severe_gap
小白菜,黄曲条跳甲,chemical_control,10,2,covered
小白菜,黄曲条跳甲,control_timing,2,0,severe_gap
小白菜,黄曲条跳甲,safety_correction,4,2,thin
小白菜,黄曲条跳甲,symptom_diagnosis,1,0,severe_gap
小白菜,黑斑病,agronomic_control,1,0,severe_gap
小白菜,黑斑病,chemical_control,2,0,severe_gap
小白菜,黑斑病,safety_correction,2,0,severe_gap
小白菜,黑斑病,symptom_diagnosis,1,0,severe_gap
小白菜,黑腐病,agronomic_control,1,0,severe_gap
小白菜,黑腐病,biological_control,2,0,severe_gap
小白菜,黑腐病,chemical_control,3,0,thin
小白菜,黑腐病,general_qa,1,0,severe_gap
小白菜,黑腐病,occurrence_condition,1,0,severe_gap
小白菜,黑腐病,safety_correction,2,0,severe_gap
抱子甘蓝,weak_agronomy,agronomic_control,1,0,severe_gap
抱子甘蓝,weak_agronomy,control_timing,2,0,severe_gap
抱子甘蓝,weak_agronomy,general_qa,2,0,severe_gap
抱子甘蓝,weak_agronomy,safety_correction,3,0,thin
油菜,disease,chemical_control,3,1,thin
油菜,disease,general_qa,3,2,thin
油菜,disease,occurrence_condition,1,1,severe_gap
油菜,disease,safety_correction,2,0,severe_gap
油菜,disease,symptom_diagnosis,2,1,severe_gap
油菜,mixed_pest_disease,agronomic_control,1,0,severe_gap
油菜,mixed_pest_disease,chemical_control,1,0,severe_gap
油菜,mixed_pest_disease,safety_correction,1,0,severe_gap
油菜,other,agronomic_control,2,0,severe_gap
油菜,other,chemical_control,12,0,covered
油菜,other,control_timing,3,0,thin
油菜,other,general_qa,5,1,thin
油菜,other,occurrence_condition,2,0,severe_gap
油菜,other,safety_correction,3,0,thin
油菜,other,symptom_diagnosis,11,0,covered
油菜,pest,chemical_control,2,0,severe_gap
油菜,pesticide_use,agronomic_control,2,0,severe_gap
油菜,pesticide_use,chemical_control,12,2,covered
油菜,pesticide_use,control_timing,4,0,thin
油菜,pesticide_use,occurrence_condition,3,0,thin
油菜,pesticide_use,safety_correction,9,2,covered
油菜,pesticide_use,symptom_diagnosis,4,2,thin
油菜,weak_agronomy,agronomic_control,49,1,covered
油菜,weak_agronomy,biological_control,5,2,thin
油菜,weak_agronomy,chemical_control,65,6,covered
油菜,weak_agronomy,control_timing,17,2,covered
油菜,weak_agronomy,general_qa,38,4,covered
油菜,weak_agronomy,occurrence_condition,29,7,covered
油菜,weak_agronomy,safety_correction,43,3,covered
油菜,weak_agronomy,symptom_diagnosis,13,3,covered
油菜,weed,agronomic_control,2,1,severe_gap
油菜,weed,chemical_control,19,4,covered
油菜,weed,control_timing,1,0,severe_gap
油菜,weed,general_qa,1,0,severe_gap
油菜,weed,occurrence_condition,4,0,thin
油菜,weed,safety_correction,11,4,covered
油菜,weed,symptom_diagnosis,2,1,severe_gap
油菜,僵苗,agronomic_control,1,0,severe_gap
油菜,僵苗,chemical_control,1,0,severe_gap
油菜,僵苗,occurrence_condition,1,0,severe_gap
油菜,僵苗,symptom_diagnosis,1,0,severe_gap
油菜,冻害,agronomic_control,2,0,severe_gap
油菜,冻害,chemical_control,3,1,thin
油菜,冻害,control_timing,1,0,severe_gap
油菜,冻害,general_qa,1,0,severe_gap
油菜,冻害,safety_correction,2,0,severe_gap
油菜,冻害,symptom_diagnosis,2,1,severe_gap
油菜,叶斑病,chemical_control,4,4,thin
油菜,叶斑病,occurrence_condition,2,2,severe_gap
油菜,叶斑病,symptom_diagnosis,5,5,thin
油菜,地下害虫,chemical_control,2,0,severe_gap
油菜,地老虎,chemical_control,1,0,severe_gap
油菜,地老虎,control_timing,1,0,severe_gap
油菜,地老虎,symptom_diagnosis,1,0,severe_gap
油菜,大根病,agronomic_control,1,0,severe_gap
油菜,婆婆拉,chemical_control,1,0,severe_gap
油菜,婆婆拉,safety_correction,1,0,severe_gap
油菜,婆婆纳,chemical_control,3,0,thin
油菜,婆婆纳,safety_correction,2,0,severe_gap
油菜,小菜蛾,agronomic_control,2,0,severe_gap
油菜,小菜蛾,chemical_control,3,0,thin
油菜,小菜蛾,control_timing,2,0,severe_gap
油菜,小菜蛾,safety_correction,1,0,severe_gap
油菜,小菜蛾,symptom_diagnosis,2,0,severe_gap
油菜,心腐病,chemical_control,2,1,severe_gap
油菜,杂草,agronomic_control,5,0,thin
油菜,杂草,chemical_control,35,4,covered
油菜,杂草,control_timing,6,1,thin
油菜,杂草,general_qa,5,0,thin
油菜,杂草,occurrence_condition,2,0,severe_gap
油菜,杂草,safety_correction,24,4,covered
油菜,杂草,symptom_diagnosis,1,0,severe_gap
油菜,根肿病,agronomic_control,2,0,severe_gap
油菜,根肿病,chemical_control,6,1,thin
油菜,根肿病,general_qa,1,1,severe_gap
油菜,根肿病,safety_correction,1,1,severe_gap
油菜,根肿病,symptom_diagnosis,2,0,severe_gap
油菜,根腐病,chemical_control,1,1,severe_gap
油菜,根腐病,symptom_diagnosis,2,2,severe_gap
油菜,死棵烂根,general_qa,1,0,severe_gap
油菜,死苗,biological_control,1,0,severe_gap
油菜,死苗,chemical_control,1,0,severe_gap
油菜,死苗,occurrence_condition,1,0,severe_gap
油菜,水芹菜,chemical_control,1,0,severe_gap
油菜,油虫,chemical_control,1,0,severe_gap
油菜,泥糊菜,chemical_control,1,0,severe_gap
油菜,泥糊菜,safety_correction,1,0,severe_gap
油菜,潜叶蝇,agronomic_control,2,0,severe_gap
油菜,潜叶蝇,chemical_control,4,1,thin
油菜,潜叶蝇,control_timing,1,0,severe_gap
油菜,潜叶蝇,safety_correction,1,0,severe_gap
油菜,潜叶蝇,symptom_diagnosis,2,1,severe_gap
油菜,灰灰菜,chemical_control,1,0,severe_gap
油菜,灰霉病,chemical_control,1,1,severe_gap
油菜,炭疽病,chemical_control,2,1,severe_gap
油菜,炭疽病,symptom_diagnosis,1,0,severe_gap
油菜,牛繁缕,chemical_control,2,0,severe_gap
油菜,牛繁缕,safety_correction,1,0,severe_gap
油菜,猝倒病,chemical_control,3,1,thin
油菜,猝倒病,safety_correction,2,0,severe_gap
油菜,猝倒病,symptom_diagnosis,2,1,severe_gap
油菜,猪殃殃,chemical_control,3,0,thin
油菜,猪殃殃,safety_correction,1,0,severe_gap
油菜,猪殃殃,symptom_diagnosis,1,0,severe_gap
油菜,猪泱泱,chemical_control,1,0,severe_gap
油菜,猪泱泱,safety_correction,1,0,severe_gap
油菜,猿叶甲,chemical_control,1,1,severe_gap
油菜,猿叶甲,control_timing,1,1,severe_gap
油菜,猿叶甲,symptom_diagnosis,1,1,severe_gap
油菜,猿叶虫,chemical_control,1,0,severe_gap
油菜,生理性,chemical_control,1,1,severe_gap
油菜,生理性,occurrence_condition,1,1,severe_gap
油菜,生理性,safety_correction,1,1,severe_gap
油菜,生理性,symptom_diagnosis,2,2,severe_gap
油菜,生理性卷叶,chemical_control,1,1,severe_gap
油菜,生理障碍,general_qa,1,0,severe_gap
油菜,疑似药害,chemical_control,1,1,severe_gap
油菜,疑似药害,occurrence_condition,1,1,severe_gap
油菜,疑似药害,safety_correction,1,1,severe_gap
油菜,疑似药害,symptom_diagnosis,1,1,severe_gap
油菜,病毒病,agronomic_control,5,0,thin
油菜,病毒病,chemical_control,13,2,covered
油菜,病毒病,control_timing,1,0,severe_gap
油菜,病毒病,occurrence_condition,1,0,severe_gap
油菜,病毒病,safety_correction,4,0,thin
油菜,病毒病,symptom_diagnosis,8,2,covered
油菜,白粉病,agronomic_control,1,0,severe_gap
油菜,白粉病,chemical_control,1,0,severe_gap
油菜,白粉病,occurrence_condition,1,0,severe_gap
油菜,白粉病,symptom_diagnosis,1,0,severe_gap
油菜,白苗,general_qa,1,0,severe_gap
油菜,白锈病,agronomic_control,5,1,thin
油菜,白锈病,biological_control,2,1,severe_gap
油菜,白锈病,chemical_control,7,2,thin
油菜,白锈病,control_timing,2,1,severe_gap
油菜,白锈病,occurrence_condition,1,1,severe_gap
油菜,白锈病,safety_correction,4,0,thin
油菜,白锈病,symptom_diagnosis,4,1,thin
油菜,看麦娘,chemical_control,1,0,severe_gap
油菜,看麦娘,occurrence_condition,1,0,severe_gap
油菜,硼中毒,symptom_diagnosis,1,1,severe_gap
油菜,立枯病,chemical_control,2,0,severe_gap
油菜,立枯病,safety_correction,2,0,severe_gap
油菜,立枯病,symptom_diagnosis,1,0,severe_gap
油菜,繁缕,chemical_control,1,0,severe_gap
油菜,繁缕,safety_correction,1,0,severe_gap
油菜,红叶病,chemical_control,1,0,severe_gap
油菜,红叶病,symptom_diagnosis,1,0,severe_gap
油菜,细菌性,chemical_control,2,2,severe_gap
油菜,细菌性,occurrence_condition,1,0,severe_gap
油菜,细菌性,safety_correction,2,2,severe_gap
油菜,缺硼症,agronomic_control,1,0,severe_gap
油菜,缺硼症,chemical_control,5,1,thin
油菜,缺硼症,control_timing,3,0,thin
油菜,缺硼症,occurrence_condition,4,1,thin
油菜,缺硼症,symptom_diagnosis,8,2,covered
油菜,缺磷,chemical_control,1,1,severe_gap
油菜,缺磷,occurrence_condition,1,1,severe_gap
油菜,缺磷,safety_correction,1,1,severe_gap
油菜,缺磷,symptom_diagnosis,1,1,severe_gap
油菜,缺素,chemical_control,2,2,severe_gap
油菜,缺素,occurrence_condition,1,1,severe_gap
油菜,缺素,safety_correction,1,1,severe_gap
油菜,缺素,symptom_diagnosis,2,2,severe_gap
油菜,缺素症,chemical_control,3,0,thin
油菜,缺素症,occurrence_condition,1,0,severe_gap
油菜,缺素症,symptom_diagnosis,3,0,thin
油菜,胺苯磺隆药害,chemical_control,1,1,severe_gap
油菜,胺苯磺隆药害,safety_correction,1,1,severe_gap
油菜,胺苯磺隆药害,symptom_diagnosis,1,1,severe_gap
油菜,芝麻苗,chemical_control,1,0,severe_gap
油菜,花叶病,agronomic_control,1,1,severe_gap
油菜,花叶病,chemical_control,1,1,severe_gap
油菜,花叶病,control_timing,1,1,severe_gap
油菜,花叶病,safety_correction,1,1,severe_gap
油菜,花叶病,symptom_diagnosis,1,1,severe_gap
油菜,花而不实,chemical_control,2,0,severe_gap
油菜,花而不实,control_timing,1,0,severe_gap
油菜,花而不实,occurrence_condition,3,0,thin
油菜,花而不实,safety_correction,1,0,severe_gap
油菜,花而不实,symptom_diagnosis,1,0,severe_gap
油菜,苗,chemical_control,1,0,severe_gap
油菜,苗,safety_correction,1,0,severe_gap
油菜,苗,symptom_diagnosis,1,0,severe_gap
油菜,茎基腐病,chemical_control,1,1,severe_gap
油菜,荠菜,chemical_control,1,1,severe_gap
油菜,荠菜,symptom_diagnosis,1,1,severe_gap
油菜,药害,chemical_control,5,1,thin
油菜,药害,occurrence_condition,2,0,severe_gap
油菜,药害,safety_correction,5,1,thin
油菜,药害,symptom_diagnosis,3,1,thin
油菜,菌核病,agronomic_control,38,10,covered
油菜,菌核病,biological_control,7,2,thin
油菜,菌核病,chemical_control,58,14,covered
油菜,菌核病,control_timing,21,7,covered
油菜,菌核病,general_qa,23,9,covered
油菜,菌核病,occurrence_condition,13,4,covered
油菜,菌核病,safety_correction,26,4,covered
油菜,菌核病,symptom_diagnosis,14,6,covered
油菜,菜蝽,agronomic_control,1,0,severe_gap
油菜,菜蝽,chemical_control,1,0,severe_gap
油菜,菜蝽,control_timing,1,0,severe_gap
油菜,菜青虫,agronomic_control,5,0,thin
油菜,菜青虫,chemical_control,11,0,covered
油菜,菜青虫,safety_correction,4,0,thin
油菜,菜青虫,symptom_diagnosis,3,0,thin
油菜,萎缩不实症,chemical_control,2,0,severe_gap
油菜,萎缩不实症,occurrence_condition,1,0,severe_gap
油菜,萎缩不实症,symptom_diagnosis,2,0,severe_gap
油菜,蚜虫,agronomic_control,13,1,covered
油菜,蚜虫,chemical_control,28,4,covered
油菜,蚜虫,control_timing,3,2,thin
油菜,蚜虫,general_qa,2,1,severe_gap
油菜,蚜虫,occurrence_condition,4,0,thin
油菜,蚜虫,safety_correction,10,1,covered
油菜,蚜虫,symptom_diagnosis,10,2,covered
油菜,蛴螬,chemical_control,1,0,severe_gap
油菜,蛴螬,control_timing,1,0,severe_gap
油菜,蛴螬,symptom_diagnosis,1,0,severe_gap
油菜,软腐病,chemical_control,4,1,thin
油菜,软腐病,general_qa,1,1,severe_gap
油菜,软腐病,occurrence_condition,1,0,severe_gap
油菜,软腐病,safety_correction,4,1,thin
油菜,软腐病,symptom_diagnosis,3,1,thin
油菜,通泉草,chemical_control,1,0,severe_gap
油菜,通泉草,safety_correction,1,0,severe_gap
油菜,通泉草,symptom_diagnosis,1,0,severe_gap
油菜,除草剂药害,chemical_control,3,1,thin
油菜,除草剂药害,occurrence_condition,3,1,thin
油菜,除草剂药害,safety_correction,3,1,thin
油菜,除草剂药害,symptom_diagnosis,2,1,severe_gap
油菜,霜毒病,agronomic_control,1,0,severe_gap
油菜,霜毒病,chemical_control,1,0,severe_gap
油菜,霜霉病,agronomic_control,13,4,covered
油菜,霜霉病,biological_control,1,1,severe_gap
油菜,霜霉病,chemical_control,27,9,covered
油菜,霜霉病,control_timing,4,2,thin
油菜,霜霉病,general_qa,3,1,thin
油菜,霜霉病,occurrence_condition,5,4,thin
油菜,霜霉病,safety_correction,10,1,covered
油菜,霜霉病,symptom_diagnosis,9,5,covered
油菜,青草,chemical_control,1,0,severe_gap
油菜,青草,safety_correction,1,0,severe_gap
油菜,青虫,agronomic_control,1,1,severe_gap
油菜,青虫,chemical_control,1,1,severe_gap
油菜,青虫,control_timing,1,1,severe_gap
油菜,青虫,safety_correction,1,1,severe_gap
油菜,青虫,symptom_diagnosis,1,1,severe_gap
油菜,鸟害,chemical_control,1,0,severe_gap
油菜,鸟害,safety_correction,1,0,severe_gap
油菜,黄曲条跳甲,agronomic_control,3,0,thin
油菜,黄曲条跳甲,chemical_control,8,2,covered
油菜,黄曲条跳甲,control_timing,1,1,severe_gap
油菜,黄曲条跳甲,occurrence_condition,1,1,severe_gap
油菜,黄曲条跳甲,safety_correction,2,0,severe_gap
油菜,黄曲条跳甲,symptom_diagnosis,4,2,thin
油菜,黑斑病,agronomic_control,2,1,severe_gap
油菜,黑斑病,biological_control,1,1,severe_gap
油菜,黑斑病,chemical_control,8,3,covered
油菜,黑斑病,control_timing,2,0,severe_gap
油菜,黑斑病,occurrence_condition,1,1,severe_gap
油菜,黑斑病,symptom_diagnosis,5,2,thin
油菜,黑胫病,agronomic_control,1,0,severe_gap
油菜,黑胫病,chemical_control,1,0,severe_gap
油菜,黑胫病,symptom_diagnosis,1,0,severe_gap
油菜,黑腐病,agronomic_control,1,0,severe_gap
油菜,黑腐病,occurrence_condition,1,0,severe_gap
油菜,黑腐病,symptom_diagnosis,1,0,severe_gap
甘蓝,disease,agronomic_control,6,1,thin
甘蓝,disease,biological_control,4,2,thin
甘蓝,disease,chemical_control,13,10,covered
甘蓝,disease,general_qa,5,3,thin
甘蓝,disease,occurrence_condition,8,3,covered
甘蓝,disease,safety_correction,3,1,thin
甘蓝,disease,symptom_diagnosis,13,8,covered
甘蓝,mixed_pest_disease,chemical_control,1,0,severe_gap
甘蓝,other,biological_control,2,1,severe_gap
甘蓝,other,chemical_control,6,5,thin
甘蓝,other,control_timing,1,1,severe_gap
甘蓝,other,general_qa,19,11,covered
甘蓝,other,occurrence_condition,3,3,thin
甘蓝,other,safety_correction,2,1,severe_gap
甘蓝,other,symptom_diagnosis,6,4,thin
甘蓝,pest,chemical_control,6,4,thin
甘蓝,pest,occurrence_condition,1,1,severe_gap
甘蓝,pest,symptom_diagnosis,1,1,severe_gap
甘蓝,pesticide_use,biological_control,2,0,severe_gap
甘蓝,pesticide_use,chemical_control,9,1,covered
甘蓝,pesticide_use,occurrence_condition,2,1,severe_gap
甘蓝,pesticide_use,safety_correction,5,1,thin
甘蓝,weak_agronomy,agronomic_control,54,26,covered
甘蓝,weak_agronomy,biological_control,3,0,thin
甘蓝,weak_agronomy,chemical_control,28,15,covered
甘蓝,weak_agronomy,control_timing,35,17,covered
甘蓝,weak_agronomy,general_qa,121,59,covered
甘蓝,weak_agronomy,occurrence_condition,22,6,covered
甘蓝,weak_agronomy,safety_correction,56,38,covered
甘蓝,weak_agronomy,symptom_diagnosis,25,23,covered
甘蓝,weed,chemical_control,11,4,covered
甘蓝,weed,safety_correction,4,1,thin
甘蓝,不结球,agronomic_control,1,1,severe_gap
甘蓝,不结球,chemical_control,1,1,severe_gap
甘蓝,不结球,occurrence_condition,1,1,severe_gap
甘蓝,先期抽薹,general_qa,1,1,severe_gap
甘蓝,先期抽薹,occurrence_condition,1,1,severe_gap
甘蓝,先期抽薹,symptom_diagnosis,1,1,severe_gap
甘蓝,叶斑病,chemical_control,3,2,thin
甘蓝,叶斑病,symptom_diagnosis,2,2,severe_gap
甘蓝,叶烧边,chemical_control,1,1,severe_gap
甘蓝,叶烧边,occurrence_condition,1,1,severe_gap
甘蓝,叶烧边,safety_correction,1,1,severe_gap
甘蓝,叶烧边,symptom_diagnosis,1,1,severe_gap
甘蓝,地老虎,agronomic_control,1,1,severe_gap
甘蓝,地老虎,chemical_control,1,1,severe_gap
甘蓝,地老虎,safety_correction,1,1,severe_gap
甘蓝,地蛆,general_qa,1,1,severe_gap
甘蓝,夜蛾,agronomic_control,1,0,severe_gap
甘蓝,夜蛾,chemical_control,2,0,severe_gap
甘蓝,夜蛾类,chemical_control,1,1,severe_gap
甘蓝,夜蛾类,safety_correction,1,1,severe_gap
甘蓝,害虫,chemical_control,1,0,severe_gap
甘蓝,小菜蛾,agronomic_control,2,2,severe_gap
甘蓝,小菜蛾,biological_control,4,2,thin
甘蓝,小菜蛾,chemical_control,11,5,covered
甘蓝,小菜蛾,occurrence_condition,1,0,severe_gap
甘蓝,小菜蛾,safety_correction,7,5,thin
甘蓝,小菜蛾,symptom_diagnosis,5,4,thin
甘蓝,干烧心,chemical_control,3,2,thin
甘蓝,干烧心,general_qa,1,1,severe_gap
甘蓝,干烧心,safety_correction,1,1,severe_gap
甘蓝,斑病,biological_control,1,0,severe_gap
甘蓝,斑病,chemical_control,1,0,severe_gap
甘蓝,斜纹夜蛾,agronomic_control,1,0,severe_gap
甘蓝,斜纹夜蛾,chemical_control,1,0,severe_gap
甘蓝,斜纹夜蛾,safety_correction,1,0,severe_gap
甘蓝,斜蚊夜蛾,agronomic_control,1,0,severe_gap
甘蓝,斜蚊夜蛾,control_timing,1,0,severe_gap
甘蓝,斜蚊夜蛾,occurrence_condition,1,0,severe_gap
甘蓝,晚疫病,symptom_diagnosis,1,1,severe_gap
甘蓝,未熟抽薹,occurrence_condition,1,1,severe_gap
甘蓝,未熟抽薹,safety_correction,1,1,severe_gap
甘蓝,枯萎病,agronomic_control,3,2,thin
甘蓝,枯萎病,chemical_control,3,2,thin
甘蓝,枯萎病,safety_correction,3,2,thin
甘蓝,枯萎病,symptom_diagnosis,4,4,thin
甘蓝,根瘤病,general_qa,1,1,severe_gap
甘蓝,根结线虫,biological_control,1,0,severe_gap
甘蓝,根结线虫,chemical_control,1,0,severe_gap
甘蓝,根结线虫,general_qa,1,0,severe_gap
甘蓝,根结线虫病,agronomic_control,1,1,severe_gap
甘蓝,根结线虫病,chemical_control,1,1,severe_gap
甘蓝,根结线虫病,symptom_diagnosis,1,1,severe_gap
甘蓝,根肿病,agronomic_control,2,1,severe_gap
甘蓝,根肿病,chemical_control,4,3,thin
甘蓝,根肿病,general_qa,1,1,severe_gap
甘蓝,根肿病,occurrence_condition,1,1,severe_gap
甘蓝,根腐病,agronomic_control,1,0,severe_gap
甘蓝,根腐病,chemical_control,1,1,severe_gap
甘蓝,根腐病,occurrence_condition,1,0,severe_gap
甘蓝,根腐病,symptom_diagnosis,1,1,severe_gap
甘蓝,水肿病,symptom_diagnosis,1,1,severe_gap
甘蓝,潜叶蝇,general_qa,1,1,severe_gap
甘蓝,潜叶蝇,safety_correction,1,1,severe_gap
甘蓝,灰霉病,agronomic_control,1,1,severe_gap
甘蓝,灰霉病,biological_control,1,0,severe_gap
甘蓝,灰霉病,chemical_control,5,3,thin
甘蓝,灰霉病,occurrence_condition,1,1,severe_gap
甘蓝,灰霉病,symptom_diagnosis,2,2,severe_gap
甘蓝,炭疽病,agronomic_control,1,1,severe_gap
甘蓝,炭疽病,chemical_control,2,2,severe_gap
甘蓝,炭疽病,safety_correction,1,1,severe_gap
甘蓝,炭疽病,symptom_diagnosis,3,3,thin
甘蓝,煤污病,agronomic_control,1,1,severe_gap
甘蓝,煤污病,biological_control,1,0,severe_gap
甘蓝,煤污病,chemical_control,2,1,severe_gap
甘蓝,煤污病,occurrence_condition,1,1,severe_gap
甘蓝,煤污病,safety_correction,1,1,severe_gap
甘蓝,煤污病,symptom_diagnosis,1,1,severe_gap
甘蓝,猝倒病,agronomic_control,3,1,thin
甘蓝,猝倒病,chemical_control,4,2,thin
甘蓝,猝倒病,general_qa,1,1,severe_gap
甘蓝,猝倒病,occurrence_condition,4,2,thin
甘蓝,猝倒病,safety_correction,1,0,severe_gap
甘蓝,猝倒病,symptom_diagnosis,1,1,severe_gap
甘蓝,甘蓝夜蛾,agronomic_control,2,1,severe_gap
甘蓝,甘蓝夜蛾,biological_control,2,2,severe_gap
甘蓝,甘蓝夜蛾,chemical_control,6,3,thin
甘蓝,甘蓝夜蛾,control_timing,1,1,severe_gap
甘蓝,甘蓝夜蛾,safety_correction,2,1,severe_gap
甘蓝,甘蓝夜蛾,symptom_diagnosis,2,2,severe_gap
甘蓝,甜菜夜蛾,agronomic_control,2,1,severe_gap
甘蓝,甜菜夜蛾,chemical_control,1,0,severe_gap
甘蓝,甜菜夜蛾,control_timing,1,0,severe_gap
甘蓝,甜菜夜蛾,safety_correction,1,1,severe_gap
甘蓝,生理性,chemical_control,1,0,severe_gap
甘蓝,生理性,occurrence_condition,1,0,severe_gap
甘蓝,生理性障碍,agronomic_control,1,0,severe_gap
甘蓝,生理性障碍,chemical_control,1,0,severe_gap
甘蓝,生理性障碍,safety_correction,1,0,severe_gap
甘蓝,生理性障碍,symptom_diagnosis,1,0,severe_gap
甘蓝,疫病,chemical_control,1,0,severe_gap
甘蓝,疫病,occurrence_condition,1,0,severe_gap
甘蓝,疫病,symptom_diagnosis,1,1,severe_gap
甘蓝,病毒病,agronomic_control,3,3,thin
甘蓝,病毒病,biological_control,1,0,severe_gap
甘蓝,病毒病,chemical_control,13,9,covered
甘蓝,病毒病,general_qa,1,1,severe_gap
甘蓝,病毒病,occurrence_condition,3,3,thin
甘蓝,病毒病,safety_correction,3,3,thin
甘蓝,病毒病,symptom_diagnosis,8,8,covered
甘蓝,种蝇,occurrence_condition,1,1,severe_gap
甘蓝,立枯病,chemical_control,1,1,severe_gap
甘蓝,立枯病,occurrence_condition,1,1,severe_gap
甘蓝,细菌性,chemical_control,1,1,severe_gap
甘蓝,细菌性,safety_correction,2,2,severe_gap
甘蓝,缘枯病,agronomic_control,1,0,severe_gap
甘蓝,缘枯病,chemical_control,2,1,severe_gap
甘蓝,缘枯病,symptom_diagnosis,1,1,severe_gap
甘蓝,缺氮素,general_qa,1,0,severe_gap
甘蓝,缺硼症,chemical_control,2,2,severe_gap
甘蓝,缺硼症,general_qa,1,1,severe_gap
甘蓝,缺硼症,occurrence_condition,2,2,severe_gap
甘蓝,缺硼症,safety_correction,1,1,severe_gap
甘蓝,缺硼症,symptom_diagnosis,3,3,thin
甘蓝,缺素症,symptom_diagnosis,1,1,severe_gap
甘蓝,缺钙,chemical_control,1,0,severe_gap
甘蓝,缺钙,occurrence_condition,1,0,severe_gap
甘蓝,缺钙症,chemical_control,1,0,severe_gap
甘蓝,缺钙症,occurrence_condition,1,0,severe_gap
甘蓝,缺钙症,symptom_diagnosis,1,0,severe_gap
甘蓝,缺铁症,symptom_diagnosis,1,1,severe_gap
甘蓝,缺锰症,chemical_control,1,1,severe_gap
甘蓝,缺锰症,symptom_diagnosis,1,1,severe_gap
甘蓝,药害,chemical_control,2,1,severe_gap
甘蓝,药害,safety_correction,2,1,severe_gap
甘蓝,菌核病,agronomic_control,4,1,thin
甘蓝,菌核病,biological_control,2,0,severe_gap
甘蓝,菌核病,chemical_control,8,1,covered
甘蓝,菌核病,control_timing,2,0,severe_gap
甘蓝,菌核病,general_qa,2,1,severe_gap
甘蓝,菌核病,safety_correction,3,1,thin
甘蓝,菌核病,symptom_diagnosis,5,1,thin
甘蓝,菜螟,chemical_control,1,1,severe_gap
甘蓝,菜螟,safety_correction,1,1,severe_gap
甘蓝,菜青虫,agronomic_control,5,3,thin
甘蓝,菜青虫,biological_control,5,3,thin
甘蓝,菜青虫,chemical_control,19,6,covered
甘蓝,菜青虫,control_timing,3,1,thin
甘蓝,菜青虫,occurrence_condition,1,0,severe_gap
甘蓝,菜青虫,safety_correction,6,4,thin
甘蓝,菜青虫,symptom_diagnosis,5,4,thin
甘蓝,虫卵,chemical_control,1,1,severe_gap
甘蓝,虫卵,occurrence_condition,1,1,severe_gap
甘蓝,蚜,agronomic_control,1,1,severe_gap
甘蓝,蚜,biological_control,1,1,severe_gap
甘蓝,蚜,chemical_control,1,1,severe_gap
甘蓝,蚜,symptom_diagnosis,1,1,severe_gap
甘蓝,蚜虫,agronomic_control,3,3,thin
甘蓝,蚜虫,biological_control,3,2,thin
甘蓝,蚜虫,chemical_control,9,7,covered
甘蓝,蚜虫,occurrence_condition,1,1,severe_gap
甘蓝,蚜虫,safety_correction,5,5,thin
甘蓝,蚜虫,symptom_diagnosis,3,2,thin
甘蓝,螟,agronomic_control,1,0,severe_gap
甘蓝,螟,chemical_control,1,0,severe_gap
甘蓝,裂球,agronomic_control,2,2,severe_gap
甘蓝,裂球,occurrence_condition,4,4,thin
甘蓝,裂球,safety_correction,1,1,severe_gap
甘蓝,裂球,symptom_diagnosis,2,2,severe_gap
甘蓝,褐斑病,agronomic_control,1,1,severe_gap
甘蓝,褐斑病,biological_control,1,0,severe_gap
甘蓝,褐斑病,chemical_control,9,7,covered
甘蓝,褐斑病,general_qa,1,1,severe_gap
甘蓝,褐斑病,symptom_diagnosis,4,4,thin
甘蓝,角斑病,chemical_control,1,1,severe_gap
甘蓝,角斑病,symptom_diagnosis,1,1,severe_gap
甘蓝,软腐病,agronomic_control,4,1,thin
甘蓝,软腐病,biological_control,3,0,thin
甘蓝,软腐病,chemical_control,10,2,covered
甘蓝,软腐病,occurrence_condition,1,1,severe_gap
甘蓝,软腐病,safety_correction,3,1,thin
甘蓝,软腐病,symptom_diagnosis,6,3,thin
甘蓝,银纹夜蛾,agronomic_control,1,0,severe_gap
甘蓝,银纹夜蛾,chemical_control,1,0,severe_gap
甘蓝,银纹夜蛾,safety_correction,1,0,severe_gap
甘蓝,霜霉病,agronomic_control,5,2,thin
甘蓝,霜霉病,biological_control,3,1,thin
甘蓝,霜霉病,chemical_control,10,4,covered
甘蓝,霜霉病,general_qa,1,0,severe_gap
甘蓝,霜霉病,safety_correction,5,3,thin
甘蓝,霜霉病,symptom_diagnosis,4,1,thin
甘蓝,青虫,biological_control,2,0,severe_gap
甘蓝,青虫,chemical_control,3,0,thin
甘蓝,青虫,safety_correction,2,0,severe_gap
甘蓝,黄叶病,agronomic_control,1,0,severe_gap
甘蓝,黄叶病,chemical_control,1,0,severe_gap
甘蓝,黄叶病,occurrence_condition,1,1,severe_gap
甘蓝,黄叶病,symptom_diagnosis,1,1,severe_gap
甘蓝,黄曲条跳甲,biological_control,1,1,severe_gap
甘蓝,黄曲条跳甲,chemical_control,1,1,severe_gap
甘蓝,黄曲条跳甲,symptom_diagnosis,1,1,severe_gap
甘蓝,黑斑病,agronomic_control,6,0,thin
甘蓝,黑斑病,biological_control,2,0,severe_gap
甘蓝,黑斑病,chemical_control,11,1,covered
甘蓝,黑斑病,occurrence_condition,1,0,severe_gap
甘蓝,黑斑病,safety_correction,4,1,thin
甘蓝,黑斑病,symptom_diagnosis,4,4,thin
甘蓝,黑根病,agronomic_control,2,1,severe_gap
甘蓝,黑根病,biological_control,1,0,severe_gap
甘蓝,黑根病,chemical_control,3,1,thin
甘蓝,黑根病,general_qa,1,0,severe_gap
甘蓝,黑根病,occurrence_condition,1,1,severe_gap
甘蓝,黑根病,symptom_diagnosis,1,1,severe_gap
甘蓝,黑胫病,agronomic_control,4,0,thin
甘蓝,黑胫病,biological_control,2,0,severe_gap
甘蓝,黑胫病,chemical_control,4,0,thin
甘蓝,黑胫病,occurrence_condition,1,0,severe_gap
甘蓝,黑胫病,symptom_diagnosis,2,1,severe_gap
甘蓝,黑腐病,agronomic_control,10,7,covered
甘蓝,黑腐病,biological_control,4,3,thin
甘蓝,黑腐病,chemical_control,14,4,covered
甘蓝,黑腐病,occurrence_condition,2,1,severe_gap
甘蓝,黑腐病,safety_correction,11,8,covered
甘蓝,黑腐病,symptom_diagnosis,10,6,covered
羽衣甘蓝,weak_agronomy,agronomic_control,3,0,thin
羽衣甘蓝,weak_agronomy,chemical_control,1,0,severe_gap
羽衣甘蓝,weak_agronomy,general_qa,1,0,severe_gap
羽衣甘蓝,weak_agronomy,safety_correction,3,0,thin
羽衣甘蓝,小菜蛾,chemical_control,1,0,severe_gap
羽衣甘蓝,菜青虫,chemical_control,1,0,severe_gap
羽衣甘蓝,蚜虫,chemical_control,1,0,severe_gap
羽衣甘蓝,软腐病,chemical_control,1,0,severe_gap
羽衣甘蓝,霜霉病,chemical_control,1,0,severe_gap
芥菜,disease,chemical_control,2,2,severe_gap
芥菜,disease,safety_correction,1,1,severe_gap
芥菜,disease,symptom_diagnosis,1,1,severe_gap
芥菜,other,general_qa,2,1,severe_gap
芥菜,pest,chemical_control,1,1,severe_gap
芥菜,pesticide_use,chemical_control,2,1,severe_gap
芥菜,pesticide_use,occurrence_condition,1,1,severe_gap
芥菜,pesticide_use,safety_correction,2,1,severe_gap
芥菜,pesticide_use,symptom_diagnosis,1,1,severe_gap
芥菜,weak_agronomy,agronomic_control,5,0,thin
芥菜,weak_agronomy,chemical_control,8,1,covered
芥菜,weak_agronomy,control_timing,6,0,thin
芥菜,weak_agronomy,general_qa,15,3,covered
芥菜,weak_agronomy,occurrence_condition,6,1,thin
芥菜,weak_agronomy,safety_correction,3,1,thin
芥菜,weak_agronomy,symptom_diagnosis,3,1,thin
芥菜,weed,agronomic_control,1,0,severe_gap
芥菜,weed,safety_correction,1,0,severe_gap
芥菜,叶斑病,chemical_control,3,3,thin
芥菜,叶斑病,occurrence_condition,1,1,severe_gap
芥菜,叶斑病,symptom_diagnosis,1,1,severe_gap
芥菜,地蛆,chemical_control,1,1,severe_gap
芥菜,地蛆,safety_correction,1,1,severe_gap
芥菜,小菜蛾,chemical_control,3,0,thin
芥菜,斜纹夜蛾,chemical_control,3,0,thin
芥菜,根瘤病,biological_control,1,0,severe_gap
芥菜,根瘤病,chemical_control,1,0,severe_gap
芥菜,根瘤病,safety_correction,1,0,severe_gap
芥菜,根肿病,chemical_control,2,0,severe_gap
芥菜,根腐病,agronomic_control,1,0,severe_gap
芥菜,根腐病,biological_control,1,1,severe_gap
芥菜,根腐病,chemical_control,1,1,severe_gap
芥菜,根腐病,symptom_diagnosis,1,1,severe_gap
芥菜,病毒病,chemical_control,2,2,severe_gap
芥菜,病毒病,control_timing,1,1,severe_gap
芥菜,病毒病,occurrence_condition,1,1,severe_gap
芥菜,病毒病,safety_correction,2,2,severe_gap
芥菜,病毒病,symptom_diagnosis,3,3,thin
芥菜,瘁倒病,chemical_control,1,1,severe_gap
芥菜,瘁倒病,safety_correction,1,1,severe_gap
芥菜,白斑病,agronomic_control,1,1,severe_gap
芥菜,白斑病,chemical_control,2,2,severe_gap
芥菜,白斑病,occurrence_condition,1,1,severe_gap
芥菜,白锈病,chemical_control,1,0,severe_gap
芥菜,白锈病,safety_correction,1,0,severe_gap
芥菜,白锈病,symptom_diagnosis,1,0,severe_gap
芥菜,立枯病,chemical_control,1,1,severe_gap
芥菜,立枯病,safety_correction,1,1,severe_gap
芥菜,细菌性,chemical_control,1,1,severe_gap
芥菜,细菌性,safety_correction,1,1,severe_gap
芥菜,菌核病,agronomic_control,2,0,severe_gap
芥菜,菌核病,biological_control,1,0,severe_gap
芥菜,菌核病,chemical_control,3,1,thin
芥菜,菌核病,symptom_diagnosis,2,0,severe_gap
芥菜,蚜虫,chemical_control,1,1,severe_gap
芥菜,蚜虫,safety_correction,1,1,severe_gap
芥菜,褐斑病,chemical_control,2,2,severe_gap
芥菜,褐斑病,symptom_diagnosis,2,2,severe_gap
芥菜,软腐病,agronomic_control,1,0,severe_gap
芥菜,软腐病,chemical_control,6,1,thin
芥菜,软腐病,occurrence_condition,1,0,severe_gap
芥菜,软腐病,safety_correction,1,1,severe_gap
芥菜,软腐病,symptom_diagnosis,2,0,severe_gap
芥菜,霜霉病,chemical_control,4,4,thin
芥菜,霜霉病,safety_correction,1,1,severe_gap
芥菜,霜霉病,symptom_diagnosis,3,3,thin
芥菜,青虫,chemical_control,3,0,thin
芥菜,马齿苋,chemical_control,1,0,severe_gap
芥菜,黄曲条跳甲,chemical_control,4,3,thin
芥菜,黄曲条跳甲,occurrence_condition,1,1,severe_gap
芥菜,黄曲条跳甲,safety_correction,2,1,severe_gap
芥菜,黄曲条跳甲,symptom_diagnosis,1,1,severe_gap
芥菜,黑心病,biological_control,1,0,severe_gap
芥菜,黑心病,chemical_control,1,0,severe_gap
芥菜,黑心病,safety_correction,1,0,severe_gap
芥菜,黑斑病,chemical_control,1,1,severe_gap
芥菜,黑斑病,symptom_diagnosis,1,1,severe_gap
芥菜,黑腐病,chemical_control,1,0,severe_gap
芥菜,黑腐病,safety_correction,1,0,severe_gap
芥菜,黑腐病,symptom_diagnosis,1,0,severe_gap
芥蓝,weed,chemical_control,1,0,severe_gap
芥蓝,红蜘蛛,chemical_control,1,0,severe_gap
花椰菜,disease,biological_control,3,3,thin
花椰菜,disease,chemical_control,16,13,covered
花椰菜,disease,occurrence_condition,6,5,thin
花椰菜,disease,safety_correction,7,7,thin
花椰菜,disease,symptom_diagnosis,12,12,covered
花椰菜,mixed_pest_disease,agronomic_control,2,0,severe_gap
花椰菜,mixed_pest_disease,chemical_control,2,0,severe_gap
花椰菜,mixed_pest_disease,symptom_diagnosis,2,0,severe_gap
花椰菜,other,chemical_control,9,3,covered
花椰菜,other,control_timing,4,4,thin
花椰菜,other,general_qa,5,3,thin
花椰菜,other,occurrence_condition,2,1,severe_gap
花椰菜,other,safety_correction,2,0,severe_gap
花椰菜,other,symptom_diagnosis,10,9,covered
花椰菜,pest,chemical_control,5,3,thin
花椰菜,pest,occurrence_condition,2,2,severe_gap
花椰菜,pest,safety_correction,2,0,severe_gap
花椰菜,pest,symptom_diagnosis,3,2,thin
花椰菜,pesticide_use,chemical_control,9,2,covered
花椰菜,pesticide_use,safety_correction,4,0,thin
花椰菜,pesticide_use,symptom_diagnosis,2,2,severe_gap
花椰菜,weak_agronomy,agronomic_control,17,5,covered
花椰菜,weak_agronomy,biological_control,8,4,covered
花椰菜,weak_agronomy,chemical_control,60,26,covered
花椰菜,weak_agronomy,control_timing,15,5,covered
花椰菜,weak_agronomy,general_qa,121,40,covered
花椰菜,weak_agronomy,occurrence_condition,45,18,covered
花椰菜,weak_agronomy,safety_correction,22,6,covered
花椰菜,weak_agronomy,symptom_diagnosis,13,6,covered
花椰菜,weed,chemical_control,14,8,covered
花椰菜,weed,general_qa,1,0,severe_gap
花椰菜,weed,safety_correction,4,2,thin
花椰菜,先期抽薹,control_timing,1,0,severe_gap
花椰菜,先期抽薹,occurrence_condition,1,0,severe_gap
花椰菜,先期抽薹,safety_correction,1,0,severe_gap
花椰菜,叶斑病,biological_control,2,0,severe_gap
花椰菜,叶斑病,chemical_control,7,4,thin
花椰菜,叶斑病,safety_correction,3,2,thin
花椰菜,叶斑病,symptom_diagnosis,2,2,severe_gap
花椰菜,叶枯病,agronomic_control,2,0,severe_gap
花椰菜,叶枯病,biological_control,1,0,severe_gap
花椰菜,叶枯病,chemical_control,4,0,thin
花椰菜,叶枯病,safety_correction,1,0,severe_gap
花椰菜,地下害虫,chemical_control,1,0,severe_gap
花椰菜,地种蝇,control_timing,1,1,severe_gap
花椰菜,地种蝇,occurrence_condition,1,1,severe_gap
花椰菜,地种蝇,symptom_diagnosis,1,1,severe_gap
花椰菜,地蛆,chemical_control,2,0,severe_gap
花椰菜,地蛆,occurrence_condition,1,0,severe_gap
花椰菜,小菜蛾,agronomic_control,1,1,severe_gap
花椰菜,小菜蛾,biological_control,2,2,severe_gap
花椰菜,小菜蛾,chemical_control,7,3,thin
花椰菜,小菜蛾,control_timing,2,2,severe_gap
花椰菜,小菜蛾,general_qa,1,0,severe_gap
花椰菜,小菜蛾,safety_correction,2,1,severe_gap
花椰菜,小菜蛾,symptom_diagnosis,7,5,thin
花椰菜,干烧心,general_qa,1,0,severe_gap
花椰菜,播娘蒿,chemical_control,1,1,severe_gap
花椰菜,斑须蝽,chemical_control,1,1,severe_gap
花椰菜,斑须蝽,control_timing,1,1,severe_gap
花椰菜,斑须蝽,symptom_diagnosis,2,2,severe_gap
花椰菜,斜纹夜蛾,chemical_control,3,0,thin
花椰菜,斜纹夜蛾,safety_correction,1,0,severe_gap
花椰菜,斜纹夜蛾,symptom_diagnosis,1,0,severe_gap
花椰菜,早花,agronomic_control,1,1,severe_gap
花椰菜,早花,chemical_control,1,1,severe_gap
花椰菜,早花,occurrence_condition,1,1,severe_gap
花椰菜,早花,safety_correction,1,1,severe_gap
花椰菜,杂草,general_qa,1,0,severe_gap
花椰菜,枯萎病,chemical_control,2,2,severe_gap
花椰菜,枯萎病,symptom_diagnosis,2,2,severe_gap
花椰菜,根结线虫,agronomic_control,1,0,severe_gap
花椰菜,根结线虫,chemical_control,1,0,severe_gap
花椰菜,根结线虫,general_qa,3,0,thin
花椰菜,根结线虫,safety_correction,1,0,severe_gap
花椰菜,根结线虫病,general_qa,1,0,severe_gap
花椰菜,根肿病,agronomic_control,5,0,thin
花椰菜,根肿病,chemical_control,7,0,thin
花椰菜,根肿病,general_qa,1,0,severe_gap
花椰菜,根肿病,safety_correction,3,0,thin
花椰菜,根肿病,symptom_diagnosis,1,0,severe_gap
花椰菜,根腐病,chemical_control,2,2,severe_gap
花椰菜,根腐病,occurrence_condition,2,2,severe_gap
花椰菜,横纹菜蝽,agronomic_control,1,1,severe_gap
花椰菜,横纹菜蝽,chemical_control,1,1,severe_gap
花椰菜,横纹菜蝽,control_timing,1,1,severe_gap
花椰菜,横纹菜蝽,symptom_diagnosis,2,2,severe_gap
花椰菜,毛刺花球,occurrence_condition,2,2,severe_gap
花椰菜,毛球,safety_correction,2,2,severe_gap
花椰菜,毛球,symptom_diagnosis,2,2,severe_gap
花椰菜,毛花,occurrence_condition,1,1,severe_gap
花椰菜,毛花,symptom_diagnosis,1,1,severe_gap
花椰菜,灰地种蝇,agronomic_control,1,1,severe_gap
花椰菜,灰地种蝇,chemical_control,1,1,severe_gap
花椰菜,灰地种蝇,control_timing,1,1,severe_gap
花椰菜,灰地种蝇,symptom_diagnosis,1,1,severe_gap
花椰菜,灰霉病,chemical_control,3,1,thin
花椰菜,灰霉病,general_qa,1,0,severe_gap
花椰菜,灰霉病,safety_correction,1,0,severe_gap
花椰菜,炭疽病,chemical_control,2,1,severe_gap
花椰菜,炭疽病,symptom_diagnosis,1,0,severe_gap
花椰菜,煤污病,occurrence_condition,2,2,severe_gap
花椰菜,猝倒病,agronomic_control,3,0,thin
花椰菜,猝倒病,chemical_control,4,1,thin
花椰菜,猝倒病,control_timing,2,0,severe_gap
花椰菜,猝倒病,general_qa,1,0,severe_gap
花椰菜,猝倒病,safety_correction,4,0,thin
花椰菜,猝倒病,symptom_diagnosis,1,0,severe_gap
花椰菜,猪殃殃,chemical_control,1,1,severe_gap
花椰菜,甘蓝夜蛾,chemical_control,1,0,severe_gap
花椰菜,甘蓝夜蛾,control_timing,1,0,severe_gap
花椰菜,甘蓝夜蛾,safety_correction,1,1,severe_gap
花椰菜,甘蓝夜蛾,symptom_diagnosis,2,1,severe_gap
花椰菜,甜菜夜蛾,agronomic_control,1,1,severe_gap
花椰菜,甜菜夜蛾,biological_control,1,1,severe_gap
花椰菜,甜菜夜蛾,chemical_control,4,1,thin
花椰菜,甜菜夜蛾,control_timing,1,1,severe_gap
花椰菜,甜菜夜蛾,occurrence_condition,1,1,severe_gap
花椰菜,甜菜夜蛾,safety_correction,2,0,severe_gap
花椰菜,甜菜夜蛾,symptom_diagnosis,2,1,severe_gap
花椰菜,生理,safety_correction,1,1,severe_gap
花椰菜,生理,symptom_diagnosis,1,1,severe_gap
花椰菜,生理性,occurrence_condition,1,1,severe_gap
花椰菜,生理性,safety_correction,1,1,severe_gap
花椰菜,生理性,symptom_diagnosis,2,2,severe_gap
花椰菜,生理性坏死斑点,symptom_diagnosis,1,1,severe_gap
花椰菜,生理性沤根,chemical_control,1,1,severe_gap
花椰菜,疫病,symptom_diagnosis,1,1,severe_gap
花椰菜,疮痂病,symptom_diagnosis,1,0,severe_gap
花椰菜,病毒病,chemical_control,5,2,thin
花椰菜,病毒病,safety_correction,1,0,severe_gap
花椰菜,白斑病,agronomic_control,1,1,severe_gap
花椰菜,白斑病,chemical_control,3,3,thin
花椰菜,白斑病,symptom_diagnosis,2,2,severe_gap
花椰菜,白飞虱,chemical_control,1,0,severe_gap
花椰菜,硼过剩症,occurrence_condition,1,1,severe_gap
花椰菜,硼过剩症,safety_correction,1,1,severe_gap
花椰菜,硼过剩症,symptom_diagnosis,1,1,severe_gap
花椰菜,立枯病,agronomic_control,3,0,thin
花椰菜,立枯病,chemical_control,3,0,thin
花椰菜,立枯病,control_timing,2,0,severe_gap
花椰菜,立枯病,general_qa,1,0,severe_gap
花椰菜,立枯病,safety_correction,5,0,thin
花椰菜,粉虱,chemical_control,1,0,severe_gap
花椰菜,红蜘蛛,biological_control,1,0,severe_gap
花椰菜,红蜘蛛,chemical_control,1,0,severe_gap
花椰菜,红蜘蛛,safety_correction,1,0,severe_gap
花椰菜,细菌性,chemical_control,10,10,covered
花椰菜,细菌性,occurrence_condition,1,1,severe_gap
花椰菜,细菌性,safety_correction,7,7,thin
花椰菜,细菌性,symptom_diagnosis,9,9,covered
花椰菜,细菌性斑点病,symptom_diagnosis,1,0,severe_gap
花椰菜,缺硼症,chemical_control,4,3,thin
花椰菜,缺硼症,control_timing,1,1,severe_gap
花椰菜,缺硼症,occurrence_condition,2,2,severe_gap
花椰菜,缺硼症,symptom_diagnosis,5,3,thin
花椰菜,缺钙,chemical_control,1,1,severe_gap
花椰菜,缺钙,occurrence_condition,1,1,severe_gap
花椰菜,缺钙,symptom_diagnosis,3,3,thin
花椰菜,缺钙生理性,chemical_control,1,1,severe_gap
花椰菜,缺钙生理性,symptom_diagnosis,1,1,severe_gap
花椰菜,缺钼,chemical_control,1,1,severe_gap
花椰菜,缺钼,occurrence_condition,1,1,severe_gap
花椰菜,缺钼,safety_correction,1,1,severe_gap
花椰菜,缺钼,symptom_diagnosis,1,1,severe_gap
花椰菜,缺钼症,chemical_control,1,1,severe_gap
花椰菜,缺钼症,symptom_diagnosis,1,1,severe_gap
花椰菜,缺钾,occurrence_condition,1,1,severe_gap
花椰菜,缺钾,symptom_diagnosis,1,1,severe_gap
花椰菜,缺铁症,agronomic_control,1,1,severe_gap
花椰菜,缺铁症,chemical_control,1,1,severe_gap
花椰菜,缺铁症,symptom_diagnosis,1,1,severe_gap
花椰菜,缺锌,chemical_control,1,1,severe_gap
花椰菜,缺锌,symptom_diagnosis,1,1,severe_gap
花椰菜,缺镁,chemical_control,1,1,severe_gap
花椰菜,缺镁,symptom_diagnosis,2,2,severe_gap
花椰菜,花叶病,biological_control,1,0,severe_gap
花椰菜,花叶病,chemical_control,1,0,severe_gap
花椰菜,花球散花,agronomic_control,1,1,severe_gap
花椰菜,花球散花,occurrence_condition,1,1,severe_gap
花椰菜,花球散花,symptom_diagnosis,1,1,severe_gap
花椰菜,茎基腐,chemical_control,2,2,severe_gap
花椰菜,茎腐病,occurrence_condition,1,1,severe_gap
花椰菜,药害,chemical_control,1,1,severe_gap
花椰菜,药害,safety_correction,1,1,severe_gap
花椰菜,药害,symptom_diagnosis,1,1,severe_gap
花椰菜,菌核病,agronomic_control,2,2,severe_gap
花椰菜,菌核病,biological_control,1,0,severe_gap
花椰菜,菌核病,chemical_control,2,1,severe_gap
花椰菜,菌核病,occurrence_condition,1,1,severe_gap
花椰菜,菌核病,symptom_diagnosis,1,1,severe_gap
花椰菜,菜蝽,control_timing,1,1,severe_gap
花椰菜,菜蝽,symptom_diagnosis,1,1,severe_gap
花椰菜,菜青虫,agronomic_control,1,1,severe_gap
花椰菜,菜青虫,biological_control,1,1,severe_gap
花椰菜,菜青虫,chemical_control,10,3,covered
花椰菜,菜青虫,general_qa,1,0,severe_gap
花椰菜,菜青虫,safety_correction,3,0,thin
花椰菜,菜青虫,symptom_diagnosis,5,3,thin
花椰菜,蓟马,chemical_control,1,0,severe_gap
花椰菜,蓟马,occurrence_condition,1,1,severe_gap
花椰菜,蓟马,symptom_diagnosis,2,1,severe_gap
花椰菜,蚜,agronomic_control,1,1,severe_gap
花椰菜,蚜,biological_control,2,2,severe_gap
花椰菜,蚜,chemical_control,2,2,severe_gap
花椰菜,蚜,control_timing,1,1,severe_gap
花椰菜,蚜,symptom_diagnosis,2,2,severe_gap
花椰菜,蚜虫,biological_control,1,0,severe_gap
花椰菜,蚜虫,chemical_control,6,0,thin
花椰菜,蚜虫,general_qa,1,0,severe_gap
花椰菜,蚜虫,safety_correction,4,0,thin
花椰菜,蚜虫,symptom_diagnosis,2,0,severe_gap
花椰菜,蛴螬,general_qa,1,0,severe_gap
花椰菜,褐斑病,biological_control,2,2,severe_gap
花椰菜,褐斑病,chemical_control,12,12,covered
花椰菜,褐斑病,safety_correction,2,2,severe_gap
花椰菜,褐斑病,symptom_diagnosis,13,13,covered
花椰菜,褐腐病,chemical_control,2,2,severe_gap
花椰菜,褐腐病,safety_correction,2,2,severe_gap
花椰菜,软腐病,agronomic_control,3,2,thin
花椰菜,软腐病,biological_control,1,0,severe_gap
花椰菜,软腐病,chemical_control,11,9,covered
花椰菜,软腐病,occurrence_condition,2,2,severe_gap
花椰菜,软腐病,symptom_diagnosis,4,3,thin
花椰菜,金龟子,biological_control,1,0,severe_gap
花椰菜,金龟子,chemical_control,1,0,severe_gap
花椰菜,金龟子,safety_correction,1,0,severe_gap
花椰菜,锈病,agronomic_control,1,0,severe_gap
花椰菜,锈病,biological_control,2,0,severe_gap
花椰菜,锈病,chemical_control,2,0,severe_gap
花椰菜,锈病,safety_correction,1,0,severe_gap
花椰菜,霜冻,general_qa,1,1,severe_gap
花椰菜,霜霉病,agronomic_control,1,0,severe_gap
花椰菜,霜霉病,biological_control,2,1,severe_gap
花椰菜,霜霉病,chemical_control,11,3,covered
花椰菜,霜霉病,general_qa,1,0,severe_gap
花椰菜,霜霉病,safety_correction,1,0,severe_gap
花椰菜,霜霉病,symptom_diagnosis,6,4,thin
花椰菜,青虫,chemical_control,2,0,severe_gap
花椰菜,青虫,safety_correction,2,0,severe_gap
花椰菜,鸡粪虫,chemical_control,1,0,severe_gap
花椰菜,黄曲条跳甲,agronomic_control,3,3,thin
花椰菜,黄曲条跳甲,chemical_control,6,4,thin
花椰菜,黄曲条跳甲,control_timing,3,3,thin
花椰菜,黄曲条跳甲,safety_correction,4,2,thin
花椰菜,黄曲条跳甲,symptom_diagnosis,4,4,thin
花椰菜,黑斑病,agronomic_control,4,2,thin
花椰菜,黑斑病,chemical_control,13,4,covered
花椰菜,黑斑病,general_qa,1,0,severe_gap
花椰菜,黑斑病,occurrence_condition,8,4,covered
花椰菜,黑斑病,safety_correction,3,1,thin
花椰菜,黑斑病,symptom_diagnosis,5,4,thin
花椰菜,黑根病,agronomic_control,1,0,severe_gap
花椰菜,黑点病,biological_control,1,0,severe_gap
花椰菜,黑点病,chemical_control,1,0,severe_gap
花椰菜,黑胫病,chemical_control,2,0,severe_gap
花椰菜,黑胫病,safety_correction,1,0,severe_gap
花椰菜,黑腐病,agronomic_control,5,2,thin
花椰菜,黑腐病,biological_control,4,2,thin
花椰菜,黑腐病,chemical_control,16,7,covered
花椰菜,黑腐病,general_qa,1,0,severe_gap
花椰菜,黑腐病,occurrence_condition,1,0,severe_gap
花椰菜,黑腐病,safety_correction,2,1,severe_gap
花椰菜,黑腐病,symptom_diagnosis,8,5,covered
苤蓝,缺硼症,chemical_control,1,0,severe_gap
苤蓝,缺硼症,symptom_diagnosis,1,0,severe_gap
萝卜,disease,agronomic_control,1,0,severe_gap
萝卜,disease,biological_control,2,1,severe_gap
萝卜,disease,chemical_control,9,7,covered
萝卜,disease,general_qa,1,1,severe_gap
萝卜,disease,occurrence_condition,1,1,severe_gap
萝卜,disease,safety_correction,4,3,thin
萝卜,disease,symptom_diagnosis,9,8,covered
萝卜,other,agronomic_control,1,0,severe_gap
萝卜,other,chemical_control,13,5,covered
萝卜,other,control_timing,1,1,severe_gap
萝卜,other,general_qa,19,11,covered
萝卜,other,occurrence_condition,3,3,thin
萝卜,other,safety_correction,9,6,covered
萝卜,other,symptom_diagnosis,8,4,covered
萝卜,pest,chemical_control,5,1,thin
萝卜,pest,occurrence_condition,1,1,severe_gap
萝卜,pest,safety_correction,3,1,thin
萝卜,pesticide_use,chemical_control,11,2,covered
萝卜,pesticide_use,control_timing,1,0,severe_gap
萝卜,pesticide_use,occurrence_condition,1,1,severe_gap
萝卜,pesticide_use,safety_correction,7,1,thin
萝卜,pesticide_use,symptom_diagnosis,2,1,severe_gap
萝卜,weak_agronomy,agronomic_control,75,36,covered
萝卜,weak_agronomy,biological_control,8,5,covered
萝卜,weak_agronomy,chemical_control,64,30,covered
萝卜,weak_agronomy,control_timing,57,30,covered
萝卜,weak_agronomy,general_qa,129,67,covered
萝卜,weak_agronomy,occurrence_condition,36,23,covered
萝卜,weak_agronomy,safety_correction,70,37,covered
萝卜,weak_agronomy,symptom_diagnosis,26,23,covered
萝卜,weed,agronomic_control,1,1,severe_gap
萝卜,weed,chemical_control,5,2,thin
萝卜,weed,control_timing,1,1,severe_gap
萝卜,weed,occurrence_condition,1,1,severe_gap
萝卜,weed,safety_correction,1,1,severe_gap
萝卜,人纹污灯蛾,control_timing,1,1,severe_gap
萝卜,人纹污灯蛾,symptom_diagnosis,1,1,severe_gap
萝卜,叶斑病,agronomic_control,1,0,severe_gap
萝卜,叶斑病,chemical_control,1,0,severe_gap
萝卜,叶斑病,occurrence_condition,1,0,severe_gap
萝卜,叶斑病,symptom_diagnosis,1,0,severe_gap
萝卜,地下害虫,agronomic_control,3,1,thin
萝卜,地下害虫,chemical_control,18,4,covered
萝卜,地下害虫,general_qa,1,1,severe_gap
萝卜,地下害虫,occurrence_condition,4,2,thin
萝卜,地下害虫,safety_correction,6,1,thin
萝卜,地下害虫,symptom_diagnosis,2,0,severe_gap
萝卜,地下蛆,general_qa,1,0,severe_gap
萝卜,地种蝇,agronomic_control,2,1,severe_gap
萝卜,地种蝇,chemical_control,2,1,severe_gap
萝卜,地种蝇,occurrence_condition,1,1,severe_gap
萝卜,地种蝇,safety_correction,1,0,severe_gap
萝卜,地种蝇,symptom_diagnosis,1,1,severe_gap
萝卜,地老虎,agronomic_control,1,0,severe_gap
萝卜,地老虎,chemical_control,6,5,thin
萝卜,地老虎,occurrence_condition,3,2,thin
萝卜,地老虎,safety_correction,3,3,thin
萝卜,地老虎,symptom_diagnosis,1,0,severe_gap
萝卜,地老虎等地下害虫,chemical_control,1,1,severe_gap
萝卜,地蛆,agronomic_control,2,0,severe_gap
萝卜,地蛆,chemical_control,6,1,thin
萝卜,地蛆,control_timing,2,1,severe_gap
萝卜,地蛆,occurrence_condition,2,1,severe_gap
萝卜,地蛆,safety_correction,2,0,severe_gap
萝卜,地蛆,symptom_diagnosis,1,0,severe_gap
萝卜,大猿叶甲,chemical_control,1,0,severe_gap
萝卜,大猿叶甲,control_timing,1,0,severe_gap
萝卜,大猿叶甲,symptom_diagnosis,2,1,severe_gap
萝卜,小地老虎,agronomic_control,4,2,thin
萝卜,小地老虎,biological_control,1,0,severe_gap
萝卜,小地老虎,chemical_control,4,2,thin
萝卜,小地老虎,occurrence_condition,1,1,severe_gap
萝卜,小地老虎,safety_correction,1,0,severe_gap
萝卜,小地老虎,symptom_diagnosis,2,1,severe_gap
萝卜,小菜蛾,agronomic_control,3,1,thin
萝卜,小菜蛾,biological_control,2,1,severe_gap
萝卜,小菜蛾,chemical_control,4,1,thin
萝卜,小菜蛾,safety_correction,6,3,thin
萝卜,小菜蛾,symptom_diagnosis,1,1,severe_gap
萝卜,斑须蝽,chemical_control,1,1,severe_gap
萝卜,斑须蝽,control_timing,1,1,severe_gap
萝卜,斑须蝽,symptom_diagnosis,2,2,severe_gap
萝卜,斜纹夜蛾,agronomic_control,1,1,severe_gap
萝卜,斜纹夜蛾,chemical_control,2,1,severe_gap
萝卜,斜纹夜蛾,control_timing,1,1,severe_gap
萝卜,斜纹夜蛾,safety_correction,1,1,severe_gap
萝卜,斜纹夜蛾,symptom_diagnosis,1,1,severe_gap
萝卜,杂草,chemical_control,4,0,thin
萝卜,杂草,safety_correction,1,0,severe_gap
萝卜,根结线虫,agronomic_control,1,0,severe_gap
萝卜,根结线虫,chemical_control,1,0,severe_gap
萝卜,根结线虫,occurrence_condition,2,0,severe_gap
萝卜,根结线虫,symptom_diagnosis,2,0,severe_gap
萝卜,根结线虫病,agronomic_control,1,1,severe_gap
萝卜,根结线虫病,chemical_control,1,1,severe_gap
萝卜,根结线虫病,occurrence_condition,1,1,severe_gap
萝卜,根结线虫病,safety_correction,1,1,severe_gap
萝卜,根结线虫病,symptom_diagnosis,1,1,severe_gap
萝卜,根肿病,agronomic_control,6,3,thin
萝卜,根肿病,biological_control,2,1,severe_gap
萝卜,根肿病,chemical_control,7,3,thin
萝卜,根肿病,occurrence_condition,1,1,severe_gap
萝卜,根肿病,safety_correction,1,0,severe_gap
萝卜,根肿病,symptom_diagnosis,2,2,severe_gap
萝卜,根腐病,agronomic_control,2,0,severe_gap
萝卜,根腐病,chemical_control,4,1,thin
萝卜,根腐病,occurrence_condition,1,0,severe_gap
萝卜,根腐病,safety_correction,2,1,severe_gap
萝卜,根腐病,symptom_diagnosis,1,1,severe_gap
萝卜,毒素病,chemical_control,1,0,severe_gap
萝卜,水花生,chemical_control,1,0,severe_gap
萝卜,水花生,safety_correction,1,0,severe_gap
萝卜,灰霉病,agronomic_control,1,1,severe_gap
萝卜,灰霉病,chemical_control,2,1,severe_gap
萝卜,灰霉病,occurrence_condition,1,0,severe_gap
萝卜,灰霉病,symptom_diagnosis,1,0,severe_gap
萝卜,炭疽病,agronomic_control,1,0,severe_gap
萝卜,炭疽病,biological_control,1,0,severe_gap
萝卜,炭疽病,chemical_control,3,0,thin
萝卜,炭疽病,occurrence_condition,1,1,severe_gap
萝卜,炭疽病,safety_correction,1,1,severe_gap
萝卜,炭疽病,symptom_diagnosis,1,1,severe_gap
萝卜,烂根,chemical_control,1,0,severe_gap
萝卜,烂根,control_timing,1,0,severe_gap
萝卜,烂根,occurrence_condition,1,0,severe_gap
萝卜,猝倒病,agronomic_control,2,0,severe_gap
萝卜,猝倒病,chemical_control,2,0,severe_gap
萝卜,猝倒病,general_qa,1,1,severe_gap
萝卜,猝倒病,occurrence_condition,1,0,severe_gap
萝卜,猝倒病,safety_correction,2,1,severe_gap
萝卜,猝倒病,symptom_diagnosis,1,0,severe_gap
萝卜,猿叶甲,chemical_control,1,0,severe_gap
萝卜,甜菜夜蛾,chemical_control,1,0,severe_gap
萝卜,甜菜夜蛾,symptom_diagnosis,2,2,severe_gap
萝卜,生理性,agronomic_control,1,0,severe_gap
萝卜,生理性,biological_control,1,0,severe_gap
萝卜,生理性,chemical_control,1,0,severe_gap
萝卜,生理性,occurrence_condition,1,0,severe_gap
萝卜,畸形根,agronomic_control,1,0,severe_gap
萝卜,畸形根,chemical_control,1,0,severe_gap
萝卜,畸形根,occurrence_condition,1,0,severe_gap
萝卜,疑似钙锌硼缺乏症,chemical_control,1,0,severe_gap
萝卜,疑似钙锌硼缺乏症,symptom_diagnosis,1,0,severe_gap
萝卜,病毒病,agronomic_control,10,3,covered
萝卜,病毒病,biological_control,1,0,severe_gap
萝卜,病毒病,chemical_control,11,5,covered
萝卜,病毒病,control_timing,2,2,severe_gap
萝卜,病毒病,general_qa,5,2,thin
萝卜,病毒病,occurrence_condition,1,0,severe_gap
萝卜,病毒病,safety_correction,9,3,covered
萝卜,病毒病,symptom_diagnosis,5,0,thin
萝卜,白叶枯病,chemical_control,1,0,severe_gap
萝卜,白斑病,agronomic_control,3,1,thin
萝卜,白斑病,biological_control,1,0,severe_gap
萝卜,白斑病,chemical_control,4,1,thin
萝卜,白斑病,general_qa,1,0,severe_gap
萝卜,白斑病,occurrence_condition,1,1,severe_gap
萝卜,白斑病,safety_correction,1,1,severe_gap
萝卜,白斑病,symptom_diagnosis,1,1,severe_gap
萝卜,白粉病,chemical_control,1,0,severe_gap
萝卜,白粉病,general_qa,1,1,severe_gap
萝卜,白粉病,safety_correction,1,1,severe_gap
萝卜,白锈病,agronomic_control,3,2,thin
萝卜,白锈病,chemical_control,3,2,thin
萝卜,白锈病,occurrence_condition,2,2,severe_gap
萝卜,白锈病,symptom_diagnosis,2,2,severe_gap
萝卜,短额负蝗,biological_control,1,0,severe_gap
萝卜,短额负蝗,chemical_control,1,0,severe_gap
萝卜,短额负蝗,control_timing,1,1,severe_gap
萝卜,短额负蝗,symptom_diagnosis,1,1,severe_gap
萝卜,种蝇,agronomic_control,1,0,severe_gap
萝卜,种蝇,chemical_control,1,0,severe_gap
萝卜,种蝇,occurrence_condition,1,0,severe_gap
萝卜,种蝇,symptom_diagnosis,1,0,severe_gap
萝卜,种蝇幼虫,agronomic_control,1,0,severe_gap
萝卜,种蝇幼虫,chemical_control,1,0,severe_gap
萝卜,种蝇幼虫,safety_correction,1,0,severe_gap
萝卜,空心,agronomic_control,1,1,severe_gap
萝卜,空心,chemical_control,7,3,thin
萝卜,空心,occurrence_condition,2,1,severe_gap
萝卜,空心,safety_correction,3,0,thin
萝卜,空心,symptom_diagnosis,1,1,severe_gap
萝卜,立枯病,agronomic_control,1,0,severe_gap
萝卜,立枯病,chemical_control,2,0,severe_gap
萝卜,立枯病,occurrence_condition,1,0,severe_gap
萝卜,立枯病,symptom_diagnosis,2,0,severe_gap
萝卜,粉虱,agronomic_control,3,3,thin
萝卜,粉虱,biological_control,1,1,severe_gap
萝卜,粉虱,chemical_control,2,2,severe_gap
萝卜,粉虱,control_timing,1,1,severe_gap
萝卜,粉虱,safety_correction,1,1,severe_gap
萝卜,粉虱,symptom_diagnosis,3,3,thin
萝卜,粗皮,occurrence_condition,1,1,severe_gap
萝卜,粗皮,symptom_diagnosis,1,1,severe_gap
萝卜,糠心,agronomic_control,10,9,covered
萝卜,糠心,chemical_control,10,8,covered
萝卜,糠心,general_qa,1,0,severe_gap
萝卜,糠心,occurrence_condition,6,5,thin
萝卜,糠心,safety_correction,4,3,thin
萝卜,糠心,symptom_diagnosis,2,2,severe_gap
萝卜,糠心病,general_qa,1,0,severe_gap
萝卜,细菌性,agronomic_control,1,1,severe_gap
萝卜,细菌性,symptom_diagnosis,1,1,severe_gap
萝卜,缺锌症,chemical_control,1,0,severe_gap
萝卜,缺锌症,occurrence_condition,1,0,severe_gap
萝卜,缺锌症,symptom_diagnosis,1,0,severe_gap
萝卜,肉质根开裂,agronomic_control,1,1,severe_gap
萝卜,肉质根开裂,biological_control,1,1,severe_gap
萝卜,肉质根开裂,chemical_control,1,1,severe_gap
萝卜,肉质根开裂,occurrence_condition,1,1,severe_gap
萝卜,肉质根开裂,symptom_diagnosis,1,1,severe_gap
萝卜,肥料灼伤,chemical_control,1,0,severe_gap
萝卜,肥料灼伤,safety_correction,1,0,severe_gap
萝卜,芯腐病,general_qa,1,0,severe_gap
萝卜,花叶病,agronomic_control,2,0,severe_gap
萝卜,花叶病,chemical_control,2,0,severe_gap
萝卜,花叶病,safety_correction,2,0,severe_gap
萝卜,苗期,chemical_control,1,1,severe_gap
萝卜,菌核病,agronomic_control,2,2,severe_gap
萝卜,菌核病,chemical_control,1,1,severe_gap
萝卜,菌核病,occurrence_condition,1,1,severe_gap
萝卜,菌核病,symptom_diagnosis,1,1,severe_gap
萝卜,菜叶蜂,agronomic_control,2,2,severe_gap
萝卜,菜叶蜂,chemical_control,1,1,severe_gap
萝卜,菜叶蜂,safety_correction,1,1,severe_gap
萝卜,菜叶蜂,symptom_diagnosis,1,1,severe_gap
萝卜,菜蝽,chemical_control,1,1,severe_gap
萝卜,菜蝽,symptom_diagnosis,1,1,severe_gap
萝卜,菜螟,agronomic_control,2,1,severe_gap
萝卜,菜螟,biological_control,1,0,severe_gap
萝卜,菜螟,chemical_control,4,2,thin
萝卜,菜螟,control_timing,1,1,severe_gap
萝卜,菜螟,safety_correction,1,0,severe_gap
萝卜,菜螟,symptom_diagnosis,1,1,severe_gap
萝卜,菜青虫,agronomic_control,13,8,covered
萝卜,菜青虫,biological_control,3,2,thin
萝卜,菜青虫,chemical_control,16,9,covered
萝卜,菜青虫,control_timing,1,1,severe_gap
萝卜,菜青虫,safety_correction,11,6,covered
萝卜,菜青虫,symptom_diagnosis,2,2,severe_gap
萝卜,蚜,agronomic_control,1,1,severe_gap
萝卜,蚜,biological_control,2,2,severe_gap
萝卜,蚜,chemical_control,2,2,severe_gap
萝卜,蚜,control_timing,1,1,severe_gap
萝卜,蚜,safety_correction,1,1,severe_gap
萝卜,蚜,symptom_diagnosis,1,1,severe_gap
萝卜,蚜虫,agronomic_control,13,5,covered
萝卜,蚜虫,biological_control,1,0,severe_gap
萝卜,蚜虫,chemical_control,17,8,covered
萝卜,蚜虫,control_timing,4,3,thin
萝卜,蚜虫,general_qa,1,0,severe_gap
萝卜,蚜虫,occurrence_condition,2,1,severe_gap
萝卜,蚜虫,safety_correction,12,6,covered
萝卜,蚜虫,symptom_diagnosis,2,0,severe_gap
萝卜,蛴螬,agronomic_control,1,0,severe_gap
萝卜,蛴螬,chemical_control,3,2,thin
萝卜,蛴螬,occurrence_condition,2,1,severe_gap
萝卜,蛴螬,safety_correction,1,1,severe_gap
萝卜,蛴螬,symptom_diagnosis,1,0,severe_gap
萝卜,蜗牛,agronomic_control,1,1,severe_gap
萝卜,蜗牛,chemical_control,2,2,severe_gap
萝卜,蜗牛,symptom_diagnosis,2,2,severe_gap
萝卜,蝇,chemical_control,1,1,severe_gap
萝卜,蝇,symptom_diagnosis,1,1,severe_gap
萝卜,蝼蛄,agronomic_control,1,0,severe_gap
萝卜,蝼蛄,chemical_control,2,1,severe_gap
萝卜,蝼蛄,occurrence_condition,1,0,severe_gap
萝卜,蝼蛄,symptom_diagnosis,1,0,severe_gap
萝卜,裂口,general_qa,1,0,severe_gap
萝卜,褐心病,chemical_control,1,0,severe_gap
萝卜,褐心病,symptom_diagnosis,1,0,severe_gap
萝卜,褐腐病,chemical_control,1,1,severe_gap
萝卜,褐腐病,occurrence_condition,1,1,severe_gap
萝卜,褐腐病,symptom_diagnosis,1,1,severe_gap
萝卜,角斑病,agronomic_control,1,1,severe_gap
萝卜,角斑病,chemical_control,1,1,severe_gap
萝卜,角斑病,occurrence_condition,1,1,severe_gap
萝卜,豌豆彩潜蝇,symptom_diagnosis,1,1,severe_gap
萝卜,软腐病,agronomic_control,10,3,covered
萝卜,软腐病,biological_control,3,1,thin
萝卜,软腐病,chemical_control,14,5,covered
萝卜,软腐病,control_timing,1,1,severe_gap
萝卜,软腐病,general_qa,1,0,severe_gap
萝卜,软腐病,occurrence_condition,3,2,thin
萝卜,软腐病,safety_correction,4,2,thin
萝卜,软腐病,symptom_diagnosis,4,1,thin
萝卜,金针虫,agronomic_control,1,0,severe_gap
萝卜,金针虫,chemical_control,2,1,severe_gap
萝卜,金针虫,occurrence_condition,2,1,severe_gap
萝卜,金针虫,safety_correction,1,1,severe_gap
萝卜,金针虫,symptom_diagnosis,1,0,severe_gap
萝卜,霜霉病,agronomic_control,8,4,covered
萝卜,霜霉病,chemical_control,12,7,covered
萝卜,霜霉病,control_timing,1,1,severe_gap
萝卜,霜霉病,occurrence_condition,1,1,severe_gap
萝卜,霜霉病,safety_correction,8,5,covered
萝卜,霜霉病,symptom_diagnosis,5,1,thin
萝卜,食根类地下害虫,chemical_control,1,1,severe_gap
萝卜,食根类地下害虫,safety_correction,1,1,severe_gap
萝卜,香附子,chemical_control,1,0,severe_gap
萝卜,香附子,general_qa,1,0,severe_gap
萝卜,香附子,safety_correction,1,0,severe_gap
萝卜,黄叶病,agronomic_control,1,1,severe_gap
萝卜,黄叶病,chemical_control,1,1,severe_gap
萝卜,黄叶病,occurrence_condition,1,1,severe_gap
萝卜,黄叶病,safety_correction,1,1,severe_gap
萝卜,黄叶病,symptom_diagnosis,1,1,severe_gap
萝卜,黄曲条跳甲,agronomic_control,7,4,thin
萝卜,黄曲条跳甲,biological_control,2,0,severe_gap
萝卜,黄曲条跳甲,chemical_control,13,8,covered
萝卜,黄曲条跳甲,control_timing,3,3,thin
萝卜,黄曲条跳甲,safety_correction,4,3,thin
萝卜,黄曲条跳甲,symptom_diagnosis,5,5,thin
萝卜,黑心病,agronomic_control,4,1,thin
萝卜,黑心病,biological_control,3,1,thin
萝卜,黑心病,chemical_control,5,1,thin
萝卜,黑心病,occurrence_condition,4,4,thin
萝卜,黑心病,safety_correction,2,0,severe_gap
萝卜,黑心病,symptom_diagnosis,4,4,thin
萝卜,黑斑病,agronomic_control,8,4,covered
萝卜,黑斑病,biological_control,4,3,thin
萝卜,黑斑病,chemical_control,13,7,covered
萝卜,黑斑病,control_timing,2,2,severe_gap
萝卜,黑斑病,occurrence_condition,5,2,thin
萝卜,黑斑病,safety_correction,2,1,severe_gap
萝卜,黑斑病,symptom_diagnosis,7,6,thin
萝卜,黑根病,agronomic_control,2,2,severe_gap
萝卜,黑根病,chemical_control,1,1,severe_gap
萝卜,黑根病,occurrence_condition,1,1,severe_gap
萝卜,黑根病,symptom_diagnosis,1,1,severe_gap
萝卜,黑皮病,biological_control,1,1,severe_gap
萝卜,黑缝油菜叶甲,chemical_control,1,1,severe_gap
萝卜,黑缝油菜叶甲,control_timing,1,1,severe_gap
萝卜,黑缝油菜叶甲,symptom_diagnosis,1,1,severe_gap
萝卜,黑腐烂病,chemical_control,1,0,severe_gap
萝卜,黑腐病,agronomic_control,15,4,covered
萝卜,黑腐病,biological_control,7,1,thin
萝卜,黑腐病,chemical_control,24,11,covered
萝卜,黑腐病,control_timing,1,1,severe_gap
萝卜,黑腐病,general_qa,3,2,thin
萝卜,黑腐病,occurrence_condition,12,5,covered
萝卜,黑腐病,safety_correction,6,2,thin
萝卜,黑腐病,symptom_diagnosis,6,4,thin
青花菜,disease,biological_control,1,0,severe_gap
青花菜,disease,chemical_control,4,1,thin
青花菜,disease,safety_correction,4,1,thin
青花菜,disease,symptom_diagnosis,2,1,severe_gap
青花菜,other,chemical_control,5,2,thin
青花菜,other,general_qa,10,8,covered
青花菜,other,occurrence_condition,3,2,thin
青花菜,other,safety_correction,2,2,severe_gap
青花菜,pest,chemical_control,3,0,thin
青花菜,pest,symptom_diagnosis,1,0,severe_gap
青花菜,pesticide_use,chemical_control,5,3,thin
青花菜,pesticide_use,occurrence_condition,1,1,severe_gap
青花菜,pesticide_use,safety_correction,4,3,thin
青花菜,weak_agronomy,agronomic_control,27,2,covered
青花菜,weak_agronomy,biological_control,3,0,thin
青花菜,weak_agronomy,chemical_control,28,5,covered
青花菜,weak_agronomy,control_timing,27,16,covered
青花菜,weak_agronomy,general_qa,55,19,covered
青花菜,weak_agronomy,occurrence_condition,23,13,covered
青花菜,weak_agronomy,safety_correction,31,8,covered
青花菜,weak_agronomy,symptom_diagnosis,6,5,thin
青花菜,weed,chemical_control,5,0,thin
青花菜,weed,safety_correction,5,0,thin
青花菜,冻害,general_qa,1,1,severe_gap
青花菜,冻害,safety_correction,1,1,severe_gap
青花菜,叶霉病,agronomic_control,1,1,severe_gap
青花菜,叶霉病,chemical_control,1,1,severe_gap
青花菜,叶霉病,occurrence_condition,1,1,severe_gap
青花菜,叶霉病,safety_correction,1,1,severe_gap
青花菜,叶霉病,symptom_diagnosis,1,1,severe_gap
青花菜,地种蝇,agronomic_control,1,1,severe_gap
青花菜,地种蝇,chemical_control,1,1,severe_gap
青花菜,地种蝇,control_timing,1,1,severe_gap
青花菜,地种蝇,occurrence_condition,1,1,severe_gap
青花菜,地种蝇,symptom_diagnosis,1,1,severe_gap
青花菜,夜蛾,chemical_control,1,0,severe_gap
青花菜,夜蛾,symptom_diagnosis,1,0,severe_gap
青花菜,夜蛾类,biological_control,1,0,severe_gap
青花菜,夜蛾类,chemical_control,1,0,severe_gap
青花菜,夜蛾类,occurrence_condition,1,0,severe_gap
青花菜,夜蛾类,safety_correction,1,0,severe_gap
青花菜,夹叶花球,agronomic_control,1,1,severe_gap
青花菜,夹叶花球,occurrence_condition,2,2,severe_gap
青花菜,夹叶花球,symptom_diagnosis,1,1,severe_gap
青花菜,小地老虎,symptom_diagnosis,1,1,severe_gap
青花菜,小菜蛾,agronomic_control,1,0,severe_gap
青花菜,小菜蛾,biological_control,1,0,severe_gap
青花菜,小菜蛾,chemical_control,7,0,thin
青花菜,小菜蛾,occurrence_condition,1,0,severe_gap
青花菜,小菜蛾,safety_correction,1,0,severe_gap
青花菜,小菜蛾,symptom_diagnosis,3,1,thin
青花菜,散开球,general_qa,1,1,severe_gap
青花菜,散开球,occurrence_condition,1,1,severe_gap
青花菜,斑须蝽,general_qa,1,0,severe_gap
青花菜,斑须蝽,safety_correction,1,0,severe_gap
青花菜,斑须蝽,symptom_diagnosis,1,1,severe_gap
青花菜,斜纹夜蛾,agronomic_control,1,1,severe_gap
青花菜,斜纹夜蛾,biological_control,1,0,severe_gap
青花菜,斜纹夜蛾,chemical_control,3,1,thin
青花菜,斜纹夜蛾,control_timing,1,1,severe_gap
青花菜,斜纹夜蛾,occurrence_condition,1,0,severe_gap
青花菜,斜纹夜蛾,safety_correction,2,1,severe_gap
青花菜,斜纹夜蛾,symptom_diagnosis,1,1,severe_gap
青花菜,根巧病,chemical_control,1,0,severe_gap
青花菜,根结线虫,chemical_control,1,0,severe_gap
青花菜,根肿病,biological_control,1,0,severe_gap
青花菜,根肿病,chemical_control,1,0,severe_gap
青花菜,根部肿大,general_qa,1,0,severe_gap
青花菜,根部肿大,safety_correction,1,0,severe_gap
青花菜,桃蚜,biological_control,1,1,severe_gap
青花菜,桃蚜,chemical_control,1,1,severe_gap
青花菜,桃蚜,control_timing,1,1,severe_gap
青花菜,桃蚜,symptom_diagnosis,1,1,severe_gap
青花菜,横纹菜蝽,chemical_control,1,1,severe_gap
青花菜,横纹菜蝽,control_timing,1,1,severe_gap
青花菜,横纹菜蝽,general_qa,1,0,severe_gap
青花菜,横纹菜蝽,safety_correction,1,0,severe_gap
青花菜,横纹菜蝽,symptom_diagnosis,2,2,severe_gap
青花菜,潜叶蝇,chemical_control,2,0,severe_gap
青花菜,潜叶蝇,occurrence_condition,1,0,severe_gap
青花菜,潜叶蝇,safety_correction,1,0,severe_gap
青花菜,灰霉病,chemical_control,1,1,severe_gap
青花菜,灰霉病,general_qa,2,0,severe_gap
青花菜,灰霉病,occurrence_condition,1,0,severe_gap
青花菜,灰霉病,symptom_diagnosis,4,1,thin
青花菜,炭疽病,biological_control,1,0,severe_gap
青花菜,炭疽病,chemical_control,3,0,thin
青花菜,炭疽病,symptom_diagnosis,3,0,thin
青花菜,焦蕾,occurrence_condition,2,2,severe_gap
青花菜,焦蕾,symptom_diagnosis,1,1,severe_gap
青花菜,猝倒病,agronomic_control,2,2,severe_gap
青花菜,猝倒病,biological_control,1,0,severe_gap
青花菜,猝倒病,chemical_control,6,1,thin
青花菜,猝倒病,control_timing,1,0,severe_gap
青花菜,猝倒病,occurrence_condition,2,1,severe_gap
青花菜,猝倒病,safety_correction,1,0,severe_gap
青花菜,猝倒病,symptom_diagnosis,1,1,severe_gap
青花菜,甘蓝夜蛾,chemical_control,1,1,severe_gap
青花菜,甘蓝夜蛾,control_timing,1,1,severe_gap
青花菜,甘蓝夜蛾,safety_correction,1,1,severe_gap
青花菜,甘蓝夜蛾,symptom_diagnosis,1,1,severe_gap
青花菜,甜菜夜蛾,agronomic_control,1,1,severe_gap
青花菜,甜菜夜蛾,biological_control,2,1,severe_gap
青花菜,甜菜夜蛾,chemical_control,4,2,thin
青花菜,甜菜夜蛾,control_timing,1,1,severe_gap
青花菜,甜菜夜蛾,occurrence_condition,1,0,severe_gap
青花菜,甜菜夜蛾,safety_correction,1,0,severe_gap
青花菜,甜菜夜蛾,symptom_diagnosis,1,1,severe_gap
青花菜,生理性缺钙,chemical_control,1,1,severe_gap
青花菜,生理性缺钙,symptom_diagnosis,1,1,severe_gap
青花菜,病毒病,agronomic_control,2,2,severe_gap
青花菜,病毒病,chemical_control,1,1,severe_gap
青花菜,病毒病,occurrence_condition,1,1,severe_gap
青花菜,病毒病,symptom_diagnosis,3,2,thin
青花菜,病虫草害,chemical_control,1,0,severe_gap
青花菜,病虫草害,safety_correction,1,0,severe_gap
青花菜,白蝶,chemical_control,1,1,severe_gap
青花菜,白蝶,symptom_diagnosis,1,1,severe_gap
青花菜,白锈病,agronomic_control,1,1,severe_gap
青花菜,白锈病,biological_control,1,1,severe_gap
青花菜,白锈病,chemical_control,1,1,severe_gap
青花菜,白锈病,occurrence_condition,1,1,severe_gap
青花菜,白锈病,symptom_diagnosis,1,1,severe_gap
青花菜,空心,agronomic_control,1,1,severe_gap
青花菜,空心,chemical_control,1,1,severe_gap
青花菜,空心,occurrence_condition,1,1,severe_gap
青花菜,空茎,agronomic_control,2,1,severe_gap
青花菜,空茎,chemical_control,1,1,severe_gap
青花菜,空茎,control_timing,1,0,severe_gap
青花菜,空茎,general_qa,1,0,severe_gap
青花菜,空茎,occurrence_condition,2,1,severe_gap
青花菜,空茎,safety_correction,1,0,severe_gap
青花菜,空茎,symptom_diagnosis,1,0,severe_gap
青花菜,空茎空心,chemical_control,2,0,severe_gap
青花菜,空茎空心,occurrence_condition,2,0,severe_gap
青花菜,空茎空心,symptom_diagnosis,2,0,severe_gap
青花菜,立枯病,biological_control,1,0,severe_gap
青花菜,立枯病,chemical_control,4,1,thin
青花菜,立枯病,general_qa,1,0,severe_gap
青花菜,立枯病,occurrence_condition,2,1,severe_gap
青花菜,立枯病,safety_correction,2,0,severe_gap
青花菜,立枯病,symptom_diagnosis,2,1,severe_gap
青花菜,细菌性,chemical_control,1,1,severe_gap
青花菜,细菌性,safety_correction,1,1,severe_gap
青花菜,细菌性,symptom_diagnosis,1,1,severe_gap
青花菜,细菌性斑点病,agronomic_control,1,1,severe_gap
青花菜,细菌性斑点病,chemical_control,1,1,severe_gap
青花菜,细菌性斑点病,occurrence_condition,1,1,severe_gap
青花菜,细菌性斑点病,safety_correction,1,1,severe_gap
青花菜,细菌性斑点病,symptom_diagnosis,1,1,severe_gap
青花菜,缺硼症,symptom_diagnosis,1,0,severe_gap
青花菜,缺素症,chemical_control,1,0,severe_gap
青花菜,缺素症,symptom_diagnosis,1,0,severe_gap
青花菜,缺镁症,chemical_control,1,0,severe_gap
青花菜,茎瘤病,agronomic_control,1,1,severe_gap
青花菜,茎瘤病,chemical_control,1,1,severe_gap
青花菜,茎瘤病,occurrence_condition,1,1,severe_gap
青花菜,茎瘤病,safety_correction,1,1,severe_gap
青花菜,茎瘤病,symptom_diagnosis,1,1,severe_gap
青花菜,茎空心,chemical_control,1,0,severe_gap
青花菜,菌核病,agronomic_control,1,1,severe_gap
青花菜,菌核病,biological_control,1,0,severe_gap
青花菜,菌核病,chemical_control,3,1,thin
青花菜,菌核病,occurrence_condition,2,1,severe_gap
青花菜,菌核病,safety_correction,1,0,severe_gap
青花菜,菌核病,symptom_diagnosis,1,1,severe_gap
青花菜,菜蝽,agronomic_control,1,0,severe_gap
青花菜,菜蝽,chemical_control,1,0,severe_gap
青花菜,菜蝽,control_timing,1,1,severe_gap
青花菜,菜蝽,symptom_diagnosis,1,1,severe_gap
青花菜,菜螟,biological_control,1,0,severe_gap
青花菜,菜螟,chemical_control,2,0,severe_gap
青花菜,菜螟,occurrence_condition,1,0,severe_gap
青花菜,菜螟,safety_correction,1,0,severe_gap
青花菜,菜青虫,agronomic_control,3,1,thin
青花菜,菜青虫,biological_control,2,1,severe_gap
青花菜,菜青虫,chemical_control,11,2,covered
青花菜,菜青虫,control_timing,3,1,thin
青花菜,菜青虫,occurrence_condition,1,0,severe_gap
青花菜,菜青虫,safety_correction,2,0,severe_gap
青花菜,菜青虫,symptom_diagnosis,4,2,thin
青花菜,蚊蝇,symptom_diagnosis,1,1,severe_gap
青花菜,蚜,control_timing,1,1,severe_gap
青花菜,蚜,symptom_diagnosis,1,1,severe_gap
青花菜,蚜虫,agronomic_control,2,0,severe_gap
青花菜,蚜虫,biological_control,1,0,severe_gap
青花菜,蚜虫,chemical_control,10,1,covered
青花菜,蚜虫,control_timing,2,0,severe_gap
青花菜,蚜虫,occurrence_condition,1,0,severe_gap
青花菜,蚜虫,safety_correction,2,0,severe_gap
青花菜,蚜虫,symptom_diagnosis,3,1,thin
青花菜,蜗牛,chemical_control,1,0,severe_gap
青花菜,蝼蛄,agronomic_control,1,1,severe_gap
青花菜,蝼蛄,chemical_control,1,1,severe_gap
青花菜,蝼蛄,control_timing,1,1,severe_gap
青花菜,蝼蛄,symptom_diagnosis,2,2,severe_gap
青花菜,褐斑病,agronomic_control,1,1,severe_gap
青花菜,褐斑病,chemical_control,1,1,severe_gap
青花菜,褐斑病,occurrence_condition,1,1,severe_gap
青花菜,褐斑病,symptom_diagnosis,1,1,severe_gap
青花菜,褐腐病,agronomic_control,1,0,severe_gap
青花菜,褐腐病,chemical_control,1,0,severe_gap
青花菜,角斑病,agronomic_control,1,1,severe_gap
青花菜,角斑病,chemical_control,2,1,severe_gap
青花菜,角斑病,occurrence_condition,1,1,severe_gap
青花菜,角斑病,symptom_diagnosis,2,1,severe_gap
青花菜,软腐病,agronomic_control,3,1,thin
青花菜,软腐病,biological_control,2,1,severe_gap
青花菜,软腐病,chemical_control,7,1,thin
青花菜,软腐病,control_timing,2,0,severe_gap
青花菜,软腐病,general_qa,1,0,severe_gap
青花菜,软腐病,occurrence_condition,1,1,severe_gap
青花菜,软腐病,safety_correction,4,1,thin
青花菜,软腐病,symptom_diagnosis,2,1,severe_gap
青花菜,铁苋菜,chemical_control,1,0,severe_gap
青花菜,铁苋菜,safety_correction,1,0,severe_gap
青花菜,霜霉病,agronomic_control,3,0,thin
青花菜,霜霉病,biological_control,1,0,severe_gap
青花菜,霜霉病,chemical_control,16,2,covered
青花菜,霜霉病,control_timing,2,0,severe_gap
青花菜,霜霉病,general_qa,2,0,severe_gap
青花菜,霜霉病,occurrence_condition,3,1,thin
青花菜,霜霉病,safety_correction,4,1,thin
青花菜,霜霉病,symptom_diagnosis,5,2,thin
青花菜,马齿苋,chemical_control,1,0,severe_gap
青花菜,马齿苋,safety_correction,1,0,severe_gap
青花菜,黄化,occurrence_condition,1,1,severe_gap
青花菜,黄化,symptom_diagnosis,1,1,severe_gap
青花菜,黄曲条跳甲,biological_control,1,0,severe_gap
青花菜,黄曲条跳甲,chemical_control,4,2,thin
青花菜,黄曲条跳甲,control_timing,2,2,severe_gap
青花菜,黄曲条跳甲,occurrence_condition,1,0,severe_gap
青花菜,黄曲条跳甲,safety_correction,2,1,severe_gap
青花菜,黄曲条跳甲,symptom_diagnosis,4,4,thin
青花菜,黄花球,occurrence_condition,1,1,severe_gap
青花菜,黑斑病,agronomic_control,3,0,thin
青花菜,黑斑病,chemical_control,9,2,covered
青花菜,黑斑病,occurrence_condition,2,1,severe_gap
青花菜,黑斑病,safety_correction,3,1,thin
青花菜,黑斑病,symptom_diagnosis,4,2,thin
青花菜,黑点烂点,chemical_control,2,0,severe_gap
青花菜,黑胫病,agronomic_control,2,1,severe_gap
青花菜,黑胫病,chemical_control,2,1,severe_gap
青花菜,黑胫病,occurrence_condition,2,2,severe_gap
青花菜,黑胫病,safety_correction,1,1,severe_gap
青花菜,黑胫病,symptom_diagnosis,2,2,severe_gap
青花菜,黑腐病,agronomic_control,2,1,severe_gap
青花菜,黑腐病,biological_control,1,0,severe_gap
青花菜,黑腐病,chemical_control,10,1,covered
青花菜,黑腐病,control_timing,1,0,severe_gap
青花菜,黑腐病,occurrence_condition,4,1,thin
青花菜,黑腐病,safety_correction,4,1,thin
青花菜,黑腐病,symptom_diagnosis,2,2,severe_gap
